"id","age","sex","education","nfc01","nfc02","nfc03","nfc04","nfc05","nfc06","nfc07","nfc08","nfc09","nfc10","nfc11","nfc12","nfc13","nfc14","nfc15","nfc16","action_orientation","effortful_control","self_control"
1,26,"Male","Abitur",5,7,5,1,6,2,2,5,2,1,2,2,6,5,2,1,10,11,5
4,19,"Female","Abitur",5,5,3,2,5,3,3,3,2,4,3,2,3,2,4,4,11,32,16
7,23,"Female","Abitur",5,6,5,1,7,3,2,3,1,3,3,1,6,5,1,1,13,10,-2
8,24,"Female","Abitur",5,5,4,2,5,5,2,2,2,2,4,3,2,3,1,1,5,0,-4
11,24,"Female","Abitur",2,3,3,5,3,5,6,1,6,6,6,6,2,1,5,5,18,10,11
12,20,"Female","Abitur",6,6,6,1,6,3,1,1,1,1,1,1,6,6,2,2,20,24,11
15,25,"Female","Abitur",3,4,4,1,6,5,3,2,3,3,1,1,3,3,1,2,6,-3,-4
16,27,"Female","Abitur",7,4,5,6,6,3,1,2,2,2,1,1,4,4,2,2,16,2,3
21,21,"Male","Abitur",7,5,3,1,6,6,1,2,1,2,1,1,6,4,2,2,12,-6,-10
23,25,"Male","Abitur",6,7,7,1,7,2,1,2,1,2,1,1,5,5,1,2,8,21,5
24,25,"Male","Abitur",3,4,4,2,4,4,4,6,2,4,4,3,1,1,6,6,9,12,5
25,22,"Female","Abitur",4,4,3,5,5,3,3,4,2,7,4,5,2,2,2,3,11,17,0
27,19,"Female","Abitur",4,4,5,5,6,4,3,4,2,3,4,4,4,4,3,2,10,12,3
28,29,"Male","Abitur",5,5,4,3,5,3,3,4,3,3,4,3,4,4,4,3,7,-24,-10
29,23,"Male","Abitur",6,5,7,2,7,4,1,2,1,3,1,2,3,4,1,3,6,-11,-9
32,26,"Male","Abitur",4,6,4,6,5,2,4,4,2,2,7,4,1,4,2,3,11,-18,-13
33,30,"Female","Abitur",5,5,5,2,5,4,2,5,4,5,4,5,4,3,2,2,15,0,-2
35,21,"Female","Abitur",6,6,4,2,7,2,1,3,3,3,2,1,5,5,2,2,18,17,-8
36,21,"Female","Abitur",6,5,4,2,7,4,3,5,2,2,1,2,4,3,1,1,13,0,-5
38,29,"Male","Abitur",5,4,5,6,5,6,3,2,3,2,4,2,5,6,3,3,13,14,-5
40,23,"Female","Abitur",5,4,3,4,5,3,3,4,2,2,2,2,3,2,3,1,7,19,4
43,21,"Female","Abitur",7,5,3,1,7,4,1,2,1,1,1,1,6,4,3,3,10,-3,3
44,28,"Female","Abitur",6,4,4,2,5,3,3,4,4,4,3,2,3,3,3,2,6,9,5
46,24,"Male","Abitur",7,5,5,1,6,2,2,2,1,5,2,3,5,2,1,1,11,-9,-9
49,28,"Male","Abitur",6,4,2,1,7,7,5,2,1,7,2,4,1,3,3,2,12,8,-7
50,21,"Female","Abitur",7,4,5,6,7,1,5,3,1,1,3,5,6,5,4,7,14,13,2
51,30,"Female","Abitur",5,6,7,1,7,6,6,2,1,1,2,1,6,5,3,2,13,11,0
53,26,"Female","Abitur",6,6,6,2,6,2,2,2,2,2,2,5,5,4,2,2,8,9,5
55,23,"Female","Abitur",7,7,2,1,7,1,1,2,1,1,1,1,6,5,1,2,8,24,9
56,24,"Female","Abitur",6,7,5,1,7,2,1,1,1,2,1,1,7,6,1,1,7,25,4
58,20,"Female","Abitur",6,3,4,2,7,2,2,2,1,3,3,2,4,2,3,3,9,11,11
59,29,"Male","Abitur",5,5,6,2,7,3,3,5,6,6,2,2,3,4,2,3,10,22,1
60,25,"Female","Abitur",6,7,6,1,7,2,1,1,1,1,1,1,6,5,2,2,14,21,15
61,22,"Female","Abitur",5,5,2,2,6,4,4,3,3,3,4,5,2,2,5,2,9,-15,-16
64,20,"Female","Abitur",5,5,3,4,6,5,2,1,4,3,4,2,3,5,1,1,8,1,-2
65,27,"Female","Abitur",2,1,2,2,1,3,6,6,7,6,6,6,2,4,7,7,12,15,6
67,32,"Female","Abitur",5,5,3,4,6,2,2,3,1,3,3,1,4,4,1,1,13,-4,-17
68,30,"Female","Abitur",6,6,4,2,5,3,3,4,1,4,3,1,5,4,2,2,5,18,-2
69,20,"Female","Abitur",6,6,7,1,7,3,2,4,3,3,3,1,5,4,1,1,8,14,-2
70,23,"Male","Abitur",6,6,5,1,7,4,2,1,4,2,2,1,5,5,2,2,8,5,4
71,24,"Male","Abitur",6,6,5,1,7,6,6,4,1,3,4,5,2,1,3,2,11,13,-3
74,27,"Female","Abitur",5,5,2,6,4,2,3,6,2,5,5,2,2,1,2,3,7,-12,-6
76,28,"Female","Abitur",7,6,4,1,7,3,1,2,1,1,2,1,6,4,1,1,9,15,8
77,24,"Male","Abitur",5,5,3,2,6,4,4,4,3,4,4,3,4,3,4,4,4,13,-7
78,29,"Female","Abitur",5,6,7,1,7,2,1,2,1,1,2,3,2,4,1,1,5,3,0
79,19,"Male","Abitur",5,6,5,1,7,7,4,6,6,3,4,2,6,6,1,3,9,2,-15
80,26,"Female","Abitur",7,7,7,1,7,1,1,1,1,1,1,2,5,5,1,1,7,21,11
81,29,"Male","Abitur",6,3,4,4,5,5,4,6,4,6,5,4,4,3,2,1,9,7,-2
85,24,"Male","Abitur",6,5,5,2,5,3,2,2,2,2,2,2,3,2,2,2,12,14,9
86,22,"Female","Abitur",6,5,4,2,5,3,2,4,2,3,3,2,4,4,3,3,12,-3,-5
88,22,"Male","Abitur",6,6,6,1,7,4,2,3,1,2,4,1,6,5,1,1,17,23,16
89,25,"Male","Abitur",6,7,5,2,7,2,2,3,1,2,3,2,5,4,1,2,11,15,8
90,25,"Male","Abitur",6,4,5,3,5,2,2,5,1,3,6,1,3,1,2,2,11,-5,-11
95,24,"Male","Abitur",7,7,7,1,7,4,2,2,1,6,1,1,7,7,1,1,15,17,8
96,25,"Male","Abitur",5,6,5,2,6,7,1,3,6,6,3,2,5,4,2,3,6,5,-6
97,28,"Male","Abitur",7,6,6,1,6,3,2,2,2,2,2,4,6,4,2,2,9,10,5
99,21,"Female","Abitur",6,4,3,3,6,6,4,5,4,5,2,2,5,1,3,4,7,12,4
100,30,"Female","Abitur",7,5,6,5,7,1,1,7,3,4,4,1,6,5,1,2,12,12,4
101,26,"Female","Abitur",6,5,3,3,6,2,5,4,3,3,4,2,4,3,1,2,2,-19,-18
104,23,"Male","Abitur",7,4,5,1,7,5,4,4,1,2,1,1,6,4,2,1,12,12,3
105,20,"Female","Abitur",6,5,5,2,7,4,3,4,2,3,5,3,2,3,2,1,7,16,-2
106,22,"Male","Abitur",6,6,5,1,6,3,2,2,2,5,2,1,5,6,1,2,8,28,-3
107,28,"Female","Abitur",5,5,5,2,5,5,3,4,2,4,1,7,5,5,1,2,7,8,-5
108,25,"Male","Abitur",6,7,6,2,7,4,1,1,2,2,1,3,6,6,1,1,13,10,7
109,25,"Female","Abitur",6,5,5,2,7,6,2,3,4,6,5,1,5,4,2,3,6,-2,-3
111,21,"Male","Abitur",6,7,6,1,7,5,1,2,2,1,4,1,7,4,2,2,9,-2,5
112,28,"Female","Abitur",6,5,5,1,7,6,4,5,2,3,4,4,3,3,1,1,8,2,-2
114,24,"Male","Abitur",6,4,3,1,5,3,1,2,1,3,2,2,3,3,1,1,8,-1,12
115,21,"Male","Abitur",6,7,5,2,4,6,2,3,7,1,2,4,4,4,4,4,10,10,-8
116,20,"Female","Abitur",5,5,6,4,5,3,2,4,4,2,4,3,5,3,1,1,13,18,9
118,22,"Female","Abitur",6,6,5,1,7,4,1,4,1,3,4,1,2,4,3,3,9,4,-4
119,31,"Male","Abitur",5,5,4,3,6,3,3,5,4,3,3,2,3,4,4,3,18,20,-2
120,20,"Male","Abitur",5,5,3,3,6,6,4,3,2,4,3,4,3,3,3,4,6,3,-2
124,26,"Male","Abitur",6,6,2,2,7,4,2,3,2,7,1,2,5,3,2,2,11,-26,-12
125,21,"Female","Abitur",5,4,3,4,6,2,4,2,5,7,2,6,5,4,4,5,5,-2,-5
126,30,"Female","Abitur",7,4,4,1,7,2,1,1,1,1,1,1,4,6,1,1,7,-1,1
128,27,"Male","Abitur",6,7,6,1,6,5,1,2,1,2,2,2,5,6,1,2,13,7,-11
130,23,"Female","Abitur",6,4,4,2,6,3,3,4,2,2,3,1,3,2,1,4,14,4,5
131,24,"Male","Abitur",6,6,5,2,7,5,6,5,4,2,3,3,5,4,3,3,10,2,0
132,44,"Female","Abitur",7,7,5,2,7,3,6,2,1,2,2,2,6,5,2,3,16,9,10
133,28,"Male","Abitur",5,5,4,3,6,4,3,5,3,3,3,2,4,3,4,4,4,14,4
136,32,"Female","Abitur",7,6,7,2,4,5,2,2,1,4,1,1,5,7,1,1,7,-17,-10
137,20,"Female","Abitur",5,5,6,2,7,3,2,2,4,3,5,4,4,5,2,3,13,16,7
138,24,"Female","Abitur",6,3,4,5,5,2,2,2,1,4,5,4,4,3,1,1,14,27,8
139,30,"Female","Abitur",5,4,4,3,4,4,4,5,4,4,4,3,4,3,4,5,14,18,3
140,24,"Male","Abitur",6,5,4,2,7,2,1,2,1,2,2,1,3,5,1,1,17,-2,-10
142,28,"Male","Abitur",5,5,4,3,6,2,2,6,5,5,5,5,3,2,2,1,5,-4,-7
148,22,"Female","Abitur",6,6,4,3,5,4,4,3,2,4,2,5,6,5,3,4,15,6,-3
150,20,"Male","Abitur",6,4,5,2,6,6,3,4,5,6,2,4,5,4,2,1,5,-2,-3
154,20,"Male","Abitur",5,2,4,5,2,4,5,6,2,4,4,2,5,6,3,2,9,-17,-14
155,28,"Female","Abitur",4,4,2,2,6,6,5,5,1,5,2,5,1,3,6,6,11,18,2
156,22,"Male","Abitur",6,6,6,2,6,3,1,2,1,2,2,1,6,4,2,2,9,29,3
157,22,"Female","Abitur",6,2,2,2,4,3,5,3,2,2,2,2,3,2,1,1,17,8,13
158,26,"Male","Abitur",3,5,5,6,5,2,3,3,6,5,5,3,5,5,1,1,0,-44,-15
159,22,"Male","Abitur",5,6,5,1,6,4,3,2,2,4,2,4,5,4,3,2,11,18,10
160,25,"Male","Abitur",6,6,5,1,7,2,2,2,1,1,1,1,5,3,1,1,10,5,2
161,29,"Male","Abitur",5,6,3,3,6,5,3,4,3,5,3,5,2,2,2,2,3,-10,-8
164,24,"Male","Abitur",6,6,5,2,6,7,2,5,1,3,2,5,3,2,2,1,12,17,1
165,31,"Female","Abitur",6,3,4,3,6,3,3,2,1,1,1,1,4,4,1,1,7,12,5
167,28,"Male","Abitur",2,7,6,2,6,3,3,3,4,5,6,6,3,3,1,2,1,-14,-14
170,23,"Female","Abitur",7,6,6,1,7,2,2,3,3,5,5,1,5,6,1,1,5,8,-3
172,21,"Male","Abitur",5,3,6,3,7,3,6,2,2,2,2,3,4,4,2,2,8,2,5
174,32,"Female","Abitur",6,7,5,1,6,5,6,2,1,2,3,2,6,6,2,2,14,16,4
175,23,"Female","Abitur",6,5,5,1,7,5,1,1,1,3,1,1,5,5,2,3,1,-22,-15
176,20,"Female","Abitur",5,2,4,1,7,4,3,6,2,4,2,1,5,3,3,3,11,1,7
177,21,"Female","Abitur",6,6,5,2,6,3,1,5,1,2,2,2,5,4,4,4,15,3,7
178,NA,"Male","Abitur",5,3,3,2,7,3,2,3,1,3,2,2,5,5,1,2,7,9,-6
180,28,"Female","Abitur",7,7,6,1,7,3,1,1,1,1,1,1,7,7,1,1,23,48,19
182,22,"Female","Abitur",5,5,2,2,4,6,3,5,2,3,2,2,5,2,3,3,11,17,-3
183,24,"Female","Other",7,7,5,3,7,3,2,2,1,1,1,2,3,4,2,1,13,11,-1
184,24,"Female","Abitur",6,5,6,1,7,3,1,2,2,2,1,2,3,4,1,1,15,10,-4
185,27,"Male","Abitur",6,4,5,6,5,3,5,3,3,3,4,5,3,4,2,2,12,-1,-3
186,30,"Female","Abitur",7,6,6,2,6,2,6,1,1,1,1,1,5,3,2,2,20,28,1
187,23,"Male","Abitur",5,6,1,1,5,1,2,3,1,5,2,2,4,5,1,1,3,-27,-19
188,33,"Male","Other",6,5,6,3,5,6,3,2,4,3,2,3,4,2,2,2,21,17,-2
189,27,"Female","Abitur",6,3,3,2,6,4,1,1,1,1,1,1,6,2,1,1,12,12,12
191,25,"Female","Abitur",5,4,5,2,6,3,2,3,1,5,1,2,3,3,3,3,6,-9,-9
192,23,"Female","Abitur",7,4,5,3,6,4,3,3,1,5,2,3,3,5,2,2,6,15,2
193,35,"Male","Abitur",7,6,5,5,6,7,5,5,6,5,5,5,5,5,2,2,5,9,12
194,24,"Female","Abitur",3,5,3,4,5,1,3,2,1,4,3,4,3,3,1,1,11,-1,-4
195,20,"Male","Abitur",6,4,3,5,6,4,4,5,3,4,3,3,2,4,3,2,13,4,-3
196,20,"Male","Abitur",7,6,6,1,7,2,2,1,1,2,2,2,6,2,1,1,15,44,16
198,19,"Female","Abitur",4,4,4,2,6,4,3,3,4,3,2,2,5,4,4,4,9,7,-4
199,21,"Male","Abitur",7,7,6,1,5,3,1,3,1,1,1,2,4,2,1,1,16,20,5
200,20,"Female","Abitur",6,5,5,1,7,4,2,5,2,2,2,1,3,1,1,2,6,14,12
201,25,"Female","Abitur",6,4,3,2,7,2,2,2,3,3,2,3,4,4,3,3,11,-10,1
202,21,"Male","Abitur",6,6,5,6,6,3,3,2,2,2,4,2,4,5,2,3,10,8,-5
203,29,"Female","Abitur",6,5,6,1,7,2,2,2,2,2,1,1,4,4,2,2,9,-9,-1
204,24,"Female","Abitur",6,4,7,1,7,3,3,3,2,2,4,1,3,1,1,1,8,16,1
210,23,"Male","Abitur",6,5,3,2,3,3,2,5,3,2,3,2,5,3,1,1,7,2,-4
211,24,"Male","Abitur",7,7,5,2,6,5,2,2,2,1,2,2,5,4,3,1,19,14,5
212,24,"Female","Abitur",4,3,5,1,7,2,2,4,2,2,3,1,4,1,1,2,5,21,3
213,25,"Female","Abitur",5,4,4,6,7,5,4,3,4,1,1,1,4,1,1,1,14,30,13
215,25,"Female","Abitur",7,7,6,1,7,4,1,1,1,3,1,1,7,7,1,1,1,2,0
218,19,"Male","Abitur",7,3,5,3,6,1,3,3,3,3,2,3,4,1,2,3,9,15,10
220,21,"Female","Abitur",5,5,4,4,6,1,3,6,2,6,5,2,4,3,2,1,8,18,8
221,37,"Female","Abitur",7,5,4,3,5,3,3,3,3,3,2,2,5,4,2,1,18,9,4
223,19,"Female","Abitur",3,4,4,2,7,3,2,3,1,7,2,4,4,2,5,5,5,-45,-16
224,28,"Female","Abitur",5,3,4,3,5,3,3,3,4,3,3,3,5,3,4,5,6,8,-6
225,30,"Male","Abitur",5,4,3,3,5,7,4,2,4,7,2,2,1,1,3,5,8,31,-16
226,20,"Male","Abitur",6,3,2,5,6,3,6,7,2,1,2,1,5,5,3,2,10,2,0
228,27,"Male","Abitur",3,3,3,5,5,6,6,2,6,7,7,5,2,2,4,4,4,-12,-9
229,32,"Female","Abitur",6,6,4,5,5,4,1,4,1,6,5,2,5,3,1,2,15,19,9
230,23,"Female","Abitur",6,4,2,2,6,2,4,4,2,2,5,2,3,3,1,1,14,-6,-9
231,20,"Male","Abitur",7,7,5,2,7,2,1,3,1,2,3,2,6,6,2,2,9,13,-2
233,20,"Female","Abitur",7,7,5,2,7,4,2,1,1,2,2,2,5,4,1,1,12,24,-3
234,24,"Male","Abitur",6,6,5,3,5,4,3,5,2,3,1,3,5,4,5,3,7,29,3
235,24,"Male","Abitur",6,6,4,5,7,5,3,4,2,3,1,4,5,3,2,1,8,-7,-7
236,33,"Male","Abitur",7,7,6,1,7,5,1,1,2,2,1,2,5,5,1,1,6,31,13
237,28,"Female","Abitur",6,7,6,1,6,4,2,2,2,3,1,4,5,6,1,3,13,19,9
239,22,"Female","Abitur",5,4,3,4,6,3,3,4,2,3,4,3,4,3,4,4,3,-9,-6
241,29,"Female","Other",7,6,6,2,7,3,1,2,2,1,1,1,5,4,1,1,15,-3,-8
244,34,"Female","Abitur",7,4,3,4,4,5,5,6,3,4,3,4,3,3,3,3,13,8,7
245,24,"Male","Abitur",4,6,5,1,5,6,5,6,6,6,2,3,2,3,3,2,2,-7,-3
247,25,"Female","Abitur",6,7,7,1,6,4,2,3,2,3,2,1,5,4,1,2,17,27,11
248,24,"Female","Abitur",7,7,6,1,7,2,1,2,1,3,1,1,7,5,1,1,5,28,2
251,28,"Male","Abitur",5,4,3,1,5,4,3,3,2,5,2,3,3,3,1,1,10,8,2
252,22,"Female","Abitur",5,4,5,2,6,5,3,5,2,5,2,3,6,4,1,1,6,12,-13
254,28,"Female","Abitur",5,6,5,5,6,3,2,5,2,5,2,3,6,6,2,2,9,11,2
255,23,"Female","Abitur",6,6,5,1,7,5,1,3,1,5,1,1,4,3,1,2,7,7,-8
256,25,"Female","Abitur",3,6,5,3,6,4,2,3,2,3,4,4,2,2,4,3,1,6,-7
257,25,"Male","Abitur",6,4,4,3,5,7,2,4,3,4,3,3,4,3,1,2,16,2,-10
258,27,"Male","Abitur",7,6,6,1,7,3,2,7,3,1,1,3,7,6,3,3,18,37,13
259,25,"Male","Abitur",6,5,4,3,5,3,2,4,4,3,3,2,4,4,2,2,16,15,4
262,23,"Female","Abitur",3,4,4,5,5,4,4,5,4,5,4,3,2,2,3,3,4,6,5
263,19,"Female","Abitur",5,4,4,6,4,3,2,5,3,2,6,3,6,4,2,1,12,-1,-3
264,19,"Male","Abitur",7,7,5,1,7,2,3,2,1,1,1,1,6,7,1,1,17,20,3
265,24,"Male","Abitur",3,2,2,4,5,4,4,3,4,4,4,2,2,2,1,1,13,18,2
266,28,"Female","Abitur",6,3,2,1,7,5,1,1,1,3,1,2,5,5,2,2,13,20,1
267,25,"Female","Abitur",6,4,3,3,5,3,3,3,1,3,2,1,5,4,2,2,4,4,0
268,20,"Male","Abitur",6,7,5,2,6,2,2,2,2,4,2,2,5,6,2,1,21,19,-6
270,22,"Male","Abitur",6,5,4,3,6,4,2,3,3,3,4,3,5,4,3,3,10,-5,-4
271,21,"Male","Abitur",6,6,3,2,5,4,3,6,2,2,2,1,5,2,3,5,15,0,9
272,26,"Male","Abitur",3,3,4,5,5,2,4,6,5,4,4,5,2,1,3,4,2,-3,-8
273,26,"Male","Abitur",4,4,1,7,2,6,5,6,5,4,4,5,3,3,1,1,8,0,-6
277,28,"Female","Abitur",5,6,7,2,7,2,3,3,3,4,4,2,3,1,2,2,5,28,11
278,26,"Female","Abitur",6,6,6,1,7,4,2,1,1,2,4,4,4,4,1,2,6,16,3
279,26,"Male","Abitur",6,7,4,1,6,6,2,4,3,2,2,1,4,4,1,1,15,16,5
280,22,"Female","Abitur",4,7,4,3,7,4,1,1,1,1,1,1,7,7,2,1,7,-1,0
281,23,"Female","Abitur",5,4,6,1,6,2,3,6,6,5,4,2,3,2,1,1,13,14,14
282,25,"Female","Abitur",5,5,6,2,6,2,2,4,1,2,3,2,4,4,1,2,3,2,-9
283,22,"Male","Abitur",2,4,5,4,4,5,4,3,6,6,6,5,5,5,6,6,9,-4,-2
284,26,"Male","Abitur",7,5,4,3,5,3,4,3,1,5,5,3,3,4,5,5,15,24,13
285,29,"Female","Abitur",6,4,3,2,3,3,3,3,1,2,1,1,3,2,2,2,20,32,4
286,30,"Female","Abitur",3,3,2,4,5,6,4,6,5,7,5,2,2,2,3,4,6,-2,6
287,31,"Female","Abitur",7,7,5,1,5,2,1,1,1,1,1,1,7,1,1,1,15,33,4
289,24,"Male","Abitur",6,7,4,4,6,2,1,3,1,2,2,2,6,6,2,2,22,15,11
290,24,"Female","Abitur",6,3,5,1,5,3,5,4,2,3,3,3,4,2,4,4,5,27,10
291,21,"Male","Abitur",6,5,3,3,4,6,3,5,2,2,4,3,3,3,5,5,21,17,12
292,20,"Male","Abitur",7,4,5,1,7,3,3,2,2,4,1,5,7,5,3,1,20,18,7
293,25,"Male","Abitur",7,7,6,1,7,3,1,1,1,2,1,1,6,6,1,2,15,23,3
294,26,"Female","Abitur",6,5,4,2,5,4,1,1,1,2,4,2,4,4,2,2,14,25,19
296,24,"Male","Abitur",7,5,4,6,4,6,2,5,2,2,4,3,6,5,2,2,15,21,3
298,20,"Female","Abitur",5,5,4,2,6,2,4,3,3,2,3,2,3,1,3,4,12,21,-2
300,21,"Male","Abitur",6,5,5,1,7,3,3,2,3,2,2,4,4,5,5,4,13,20,8
303,38,"Male","Abitur",7,7,4,2,7,6,1,1,1,2,1,1,5,6,2,1,8,6,0
305,21,"Female","Abitur",5,4,5,4,5,4,4,5,3,4,5,3,3,1,2,3,6,2,-1
306,22,"Male","Abitur",7,7,4,1,5,3,2,4,2,2,4,1,5,5,1,1,15,12,4
308,22,"Male","Abitur",7,5,4,2,5,3,4,6,4,4,3,4,6,5,2,1,11,-15,-10
309,23,"Female","Abitur",5,5,3,2,7,1,2,3,1,2,1,3,5,4,1,1,7,0,-7
310,22,"Female","Abitur",6,7,6,6,6,3,2,2,2,1,1,1,6,7,1,1,8,-2,-1
312,21,"Female","Abitur",4,7,6,3,7,6,4,2,1,3,1,1,5,2,2,3,7,16,-9
313,32,"Female","Abitur",5,6,6,1,6,2,2,1,1,1,1,1,3,4,1,3,12,14,-8
314,24,"Female","Abitur",6,5,3,2,7,6,3,5,3,5,2,5,2,3,1,3,13,12,-1
316,28,"Female","Abitur",4,5,4,6,5,1,4,7,5,3,5,2,1,1,3,3,14,-3,8
320,20,"Male","Abitur",6,6,5,2,7,6,2,4,2,2,2,2,6,5,4,3,17,22,4
322,26,"Female","Abitur",5,5,4,3,6,6,4,6,5,7,5,4,3,3,5,5,9,9,2
323,20,"Male","Abitur",4,3,2,2,7,4,4,5,3,6,5,2,3,1,6,3,13,11,0
324,24,"Male","Abitur",7,7,6,2,6,2,1,2,2,2,2,2,5,4,1,1,20,14,18
326,22,"Female","Abitur",5,4,3,2,4,3,3,5,3,3,3,3,5,4,2,2,13,24,4
327,27,"Female","Abitur",6,4,5,2,5,4,3,3,3,4,3,3,6,5,5,5,15,23,2
331,19,"Male","Abitur",6,7,6,2,7,6,3,2,1,5,3,1,5,6,1,2,11,-7,-16
332,24,"Male","Abitur",4,7,5,1,7,4,1,1,1,4,2,4,1,1,2,2,4,-11,-14
333,24,"Female","Abitur",5,1,2,2,7,6,4,7,5,4,5,3,3,3,1,1,17,-4,-10
337,24,"Female","Abitur",6,6,4,6,7,3,2,3,1,1,1,1,4,4,5,4,19,32,-1
338,22,"Female","Abitur",6,6,3,2,7,3,2,5,1,2,6,2,4,5,1,2,10,0,1
342,26,"Female","Abitur",5,3,5,2,7,2,2,5,1,2,3,2,3,2,3,6,14,1,-1
344,23,"Male","Abitur",6,5,4,2,5,5,2,4,2,3,2,2,4,5,4,3,12,15,-7
345,20,"Male","Abitur",7,6,6,3,6,2,2,2,2,2,1,1,7,5,2,1,19,16,0
346,21,"Female","Abitur",6,5,3,5,7,4,5,6,2,5,2,3,4,3,5,5,14,-7,-6
347,21,"Male","Abitur",6,6,5,4,7,2,2,3,1,3,1,4,5,3,2,1,8,4,4
348,28,"Male","Abitur",6,6,4,2,6,1,1,1,2,2,2,2,4,5,1,1,9,1,1
349,22,"Male","Abitur",5,2,1,3,7,6,5,4,3,5,4,5,3,1,3,1,6,11,-6
350,25,"Female","Abitur",2,4,5,2,6,6,3,2,1,2,2,1,5,6,3,4,9,-7,-9
352,24,"Female","Abitur",5,5,2,5,4,2,5,7,2,3,6,3,2,7,2,2,13,5,4
353,26,"Female","Abitur",6,4,3,6,5,2,1,1,1,5,3,2,4,3,1,3,14,4,-6
354,22,"Male","Abitur",6,7,6,2,5,3,1,3,1,2,2,1,6,6,2,2,17,-1,4
355,25,"Male","Abitur",5,5,4,2,6,2,3,5,4,2,4,3,3,3,4,2,15,22,8
360,28,"Male","Abitur",6,5,4,2,6,4,3,4,3,2,2,2,2,5,1,2,9,0,-2
361,20,"Female","Abitur",6,7,6,1,7,4,2,1,2,3,2,2,6,4,1,1,7,17,4
362,22,"Female","Abitur",4,3,2,3,6,5,4,5,2,6,3,2,2,2,2,4,5,-4,-10
364,26,"Male","Abitur",5,4,5,3,5,4,3,2,4,4,3,3,4,4,3,2,7,10,0
365,22,"Male","Abitur",7,7,6,1,7,2,1,2,2,7,5,2,4,3,1,1,7,-10,-14
366,24,"Female","Abitur",4,5,4,2,6,4,4,4,1,4,4,3,4,4,2,2,3,7,-2
368,22,"Female","Abitur",6,5,6,1,6,3,3,3,1,4,2,2,4,5,2,2,11,26,12
369,25,"Male","Abitur",7,7,6,1,7,4,1,2,1,2,2,1,5,4,1,1,13,29,13
371,20,"Male","Abitur",6,3,5,5,7,2,2,3,2,2,2,1,5,3,2,3,15,-10,3
372,23,"Male","Abitur",5,6,6,1,7,3,1,1,1,2,1,1,2,3,5,3,19,28,0
375,29,"Male","Abitur",7,7,5,2,7,2,2,4,1,3,3,1,5,3,2,1,11,-3,-2
376,26,"Female","Abitur",6,5,2,2,5,4,2,4,2,3,3,2,5,4,2,3,4,1,-8
377,37,"Male","Abitur",7,5,7,1,6,1,2,2,2,2,2,2,5,6,1,1,6,-21,-18
380,21,"Female","Abitur",3,6,4,1,7,6,6,3,2,2,2,2,6,2,4,5,3,-8,2
382,24,"Female","Abitur",1,1,1,1,1,7,7,1,7,7,7,5,1,1,6,6,2,-35,-20
384,27,"Female","Other",5,3,1,3,3,5,2,3,1,2,3,1,2,2,4,4,4,24,9
385,21,"Female","Abitur",5,6,4,1,6,4,2,3,4,2,4,2,5,3,1,3,9,22,10
386,32,"Female","Abitur",6,3,2,5,5,6,2,3,6,7,6,5,5,2,1,1,5,-2,-12
387,21,"Male","Abitur",6,5,6,1,7,4,1,5,1,4,1,1,6,5,1,1,10,4,2
390,31,"Female","Abitur",6,5,6,2,6,7,1,5,2,2,3,1,3,4,5,6,19,18,-2
391,28,"Male","Abitur",6,3,2,5,5,7,3,5,3,6,3,5,3,3,3,3,1,-8,-17
392,22,"Female","Abitur",6,6,7,7,7,3,2,2,1,2,1,2,6,5,1,2,17,36,22
393,20,"Female","Abitur",6,5,4,1,5,7,3,1,2,4,2,2,4,2,1,1,11,12,-1
396,24,"Female","Abitur",6,6,5,3,4,3,2,2,1,4,3,2,4,3,1,1,4,0,-4
397,20,"Female","Abitur",3,3,3,5,3,3,5,5,3,5,5,5,3,3,3,5,3,-7,-3
398,26,"Male","Abitur",6,2,2,2,6,3,6,5,3,2,2,2,5,2,3,5,16,30,-6
399,30,"Male","Abitur",7,6,6,3,5,6,3,4,1,2,3,3,5,4,5,3,16,13,-2
400,19,"Female","Abitur",6,6,5,1,7,3,2,3,1,3,6,2,5,5,1,1,15,5,4
401,22,"Female","Abitur",2,2,2,5,7,6,4,5,2,5,5,4,1,1,6,6,7,22,-4
403,24,"Female","Abitur",4,6,5,6,6,2,1,4,5,2,5,7,1,1,2,3,11,13,11
404,24,"Female","Abitur",4,4,4,1,7,3,4,4,1,3,4,1,1,1,4,4,12,11,1
405,26,"Female","Abitur",5,4,3,2,5,3,2,4,1,2,4,1,4,4,2,2,4,16,1
407,20,NA,"Abitur",7,7,7,1,7,1,1,1,1,1,1,1,7,5,2,2,13,-1,5
408,27,"Male","Abitur",6,5,5,2,6,4,6,3,5,6,4,6,4,5,6,5,9,-6,-1
409,25,"Female","Abitur",7,7,7,1,6,1,2,1,2,1,2,1,3,6,1,1,3,-7,1
410,24,"Female","Abitur",6,3,2,2,1,6,3,3,5,1,6,1,6,1,1,1,8,-3,-1
411,34,"Female","Abitur",5,4,5,2,5,3,1,1,1,3,1,1,6,1,1,1,8,8,0
412,27,"Male","Abitur",6,7,4,4,7,5,3,5,2,5,4,4,4,5,2,2,5,-1,-8
413,25,"Male","Abitur",6,6,4,3,7,1,2,2,2,3,1,2,6,4,5,2,12,9,-9
415,27,"Male","Abitur",7,7,6,6,7,3,2,4,3,2,1,2,5,5,1,1,18,38,18
416,28,"Male","Abitur",6,4,4,2,4,2,1,1,1,1,2,2,4,4,3,3,20,24,-2
417,23,"Female","Abitur",5,3,3,4,5,2,3,6,3,3,3,1,4,2,5,2,5,-20,-13
418,24,"Female","Abitur",7,6,4,2,7,2,2,2,2,1,3,3,4,2,2,4,12,7,6
419,30,"Male","Abitur",6,6,6,2,6,4,2,1,1,3,5,2,3,3,2,2,15,16,5
421,21,"Female","Abitur",5,4,6,2,6,3,3,3,2,3,3,2,5,4,3,5,4,4,-5
422,24,"Female","Abitur",6,6,4,1,5,5,1,3,1,1,2,1,3,4,2,3,9,1,5
424,43,"Female","Abitur",6,6,6,7,7,4,2,6,2,1,1,2,6,6,2,3,22,15,-1
426,25,"Male","Abitur",7,6,7,1,7,2,2,7,1,6,1,1,7,7,2,2,5,-12,-5
427,24,"Female","Abitur",7,2,4,2,4,5,4,4,3,4,3,2,2,2,2,3,22,7,1
428,24,"Female","Abitur",5,6,5,2,4,4,3,5,5,4,4,5,3,3,2,3,7,4,-10
429,25,"Female","Abitur",6,5,3,1,6,4,1,3,1,2,2,1,4,3,1,1,17,6,9
430,25,"Male","Abitur",7,6,5,2,5,3,3,4,2,2,1,2,3,4,2,3,13,8,-5
432,32,"Female","Abitur",4,5,6,3,5,3,3,3,2,3,3,2,4,3,2,2,1,-31,-3
433,26,"Female","Abitur",6,5,4,1,7,1,2,2,4,2,1,1,2,1,2,2,11,22,-3
435,26,"Female","Abitur",7,6,5,1,6,3,2,2,2,4,2,2,6,5,1,1,21,38,8
436,33,"Female","Abitur",5,4,3,5,6,5,2,6,4,3,3,2,4,2,3,3,9,19,2
437,21,"Male","Abitur",6,7,4,1,7,6,1,1,1,6,1,1,5,7,4,2,7,-21,-17
439,23,"Female","Abitur",6,6,4,1,6,4,1,2,4,2,1,1,6,6,2,2,16,31,2
440,22,"Male","Abitur",4,3,5,2,6,3,4,4,5,5,5,6,4,4,5,7,8,4,7
441,25,"Female","Abitur",6,6,4,1,6,3,2,5,3,3,1,2,4,4,2,3,13,16,4
444,20,"Female","Abitur",4,5,5,2,5,4,3,4,3,3,3,3,4,3,4,5,13,17,9
446,25,"Female","Abitur",4,3,3,2,6,5,2,5,1,4,1,1,3,2,1,2,5,-11,-13
447,19,"Male","Abitur",7,7,7,1,7,4,2,1,1,1,4,2,6,3,1,1,11,22,3
449,26,"Female","Abitur",5,5,5,5,6,6,4,3,4,3,4,2,4,2,4,2,10,0,1
450,26,"Female","Abitur",2,4,6,5,7,4,3,2,2,4,1,1,5,2,3,1,9,6,5
451,24,"Female","Abitur",5,4,4,6,5,4,3,4,3,4,3,2,4,4,2,2,5,5,-1
452,30,"Female","Abitur",5,7,5,2,5,1,3,3,1,3,1,1,4,2,3,3,6,-5,1
453,22,"Female","Abitur",6,4,6,2,6,3,3,5,3,3,4,2,4,3,5,5,11,20,10
454,20,"Male","Abitur",7,7,6,2,7,4,1,2,1,2,3,2,7,6,1,1,12,-5,-3
455,19,"Male","Abitur",7,7,4,1,7,3,2,1,1,3,1,3,5,4,2,3,14,23,-1
458,19,"Female","Abitur",5,7,4,1,6,4,1,2,1,3,2,2,4,5,1,2,6,3,6
459,28,"Male","Abitur",6,5,5,4,5,5,2,2,2,2,2,2,4,2,1,1,3,-16,-10
461,39,"Male","Abitur",7,6,6,1,7,2,2,2,2,2,1,2,5,5,1,1,15,15,0
463,20,"Male","Abitur",4,6,3,2,6,4,3,4,3,3,2,1,2,5,1,1,3,-6,-18
464,24,"Female","Abitur",5,5,4,2,5,4,5,6,4,5,6,3,4,3,3,3,2,-3,-7
466,22,"Male","Abitur",5,6,5,2,6,7,3,3,1,3,1,3,5,4,1,1,5,2,-10
467,23,"Female","Abitur",3,7,6,1,7,2,1,2,1,1,2,1,6,6,1,2,9,30,10
468,22,"Female","Abitur",5,5,5,2,5,4,2,3,4,3,1,2,5,4,1,3,11,20,8
470,28,"Male","Abitur",6,6,5,2,6,2,2,5,2,2,4,2,5,4,1,2,11,15,0
472,21,"Female","Abitur",5,5,3,2,7,5,2,3,2,5,2,4,4,6,1,2,7,1,-1
473,26,"Female","Abitur",6,5,5,2,5,5,2,3,2,4,3,2,4,2,1,1,6,9,-7
474,23,"Male","Abitur",6,5,5,3,4,2,3,5,4,2,4,1,3,2,1,2,13,21,6
475,20,"Female","Abitur",6,4,5,2,6,4,3,5,3,4,3,2,4,2,1,2,12,17,-9
478,33,"Female","Abitur",6,7,6,1,6,2,2,2,1,1,2,3,4,4,1,1,17,-4,12
481,20,"Female","Abitur",6,4,5,1,7,2,4,4,1,2,2,2,4,4,2,3,7,12,4
482,21,"Male","Abitur",5,3,2,1,7,6,3,4,2,6,3,1,4,3,1,1,5,-1,-15
484,24,"Female","Abitur",5,1,1,5,6,7,4,6,5,4,2,2,1,1,1,1,9,1,0
485,23,"Female","Abitur",3,2,1,4,2,6,3,1,2,2,6,3,1,1,6,6,13,21,12
486,21,"Female","Abitur",5,5,5,2,6,3,2,3,1,2,3,1,4,4,2,4,17,18,10
487,22,"Male","Abitur",6,5,5,2,6,3,3,4,3,2,3,2,5,4,2,3,12,25,10
488,22,"Female","Abitur",7,2,4,3,5,5,2,5,2,4,2,3,5,4,1,2,17,23,17
489,24,"Male","Abitur",5,5,7,3,6,3,3,3,3,3,2,3,3,5,1,1,20,19,12
490,26,"Male","Abitur",7,3,6,3,6,2,1,1,1,1,1,1,7,4,1,1,12,-1,-7
492,24,"Male","Abitur",6,3,2,3,6,2,5,6,3,2,5,4,4,2,6,5,23,29,16
493,20,"Male","Abitur",7,6,6,1,7,5,2,3,1,5,2,5,3,5,5,5,16,16,10
494,25,"Female","Abitur",5,3,5,1,7,6,3,2,1,5,2,3,1,2,2,2,6,20,11
495,21,"Female","Abitur",3,5,3,3,4,5,3,6,2,5,5,3,3,2,2,3,7,26,15
499,22,"Male","Abitur",4,5,3,5,7,2,1,2,1,5,2,1,5,5,1,2,5,8,3
500,21,"Female","Abitur",6,3,4,2,7,3,3,3,1,4,1,1,4,4,1,4,5,-21,-7
501,25,"Male","Abitur",7,7,5,7,7,3,2,2,2,2,2,1,4,2,1,1,14,30,-9
502,20,"Female","Abitur",6,7,5,2,7,4,2,2,2,3,2,2,6,5,2,2,11,23,10
504,27,"Male","Abitur",6,5,4,1,6,3,2,3,3,2,2,2,5,4,2,1,18,15,9
505,21,"Male","Abitur",7,5,7,1,7,4,2,6,7,2,1,1,6,7,2,2,15,21,-6
506,26,"Female","Abitur",7,4,4,2,7,4,4,2,5,2,1,1,4,1,1,1,14,25,16
507,29,"Male","Abitur",7,6,6,2,6,3,5,6,4,2,3,4,5,4,1,3,12,3,-2
508,24,"Male","Abitur",6,4,6,1,6,3,3,3,1,2,2,1,5,4,3,5,6,1,-4
509,23,"Female","Abitur",5,4,7,1,7,1,1,5,1,2,3,1,3,6,2,5,16,23,12
510,24,"Male","Abitur",6,6,6,1,6,6,2,5,2,2,3,1,2,2,1,1,15,15,4
511,27,"Female","Abitur",5,6,3,5,7,2,4,5,1,2,2,1,3,2,1,2,6,-5,-9
512,19,"Male","Abitur",6,5,5,3,6,2,5,7,5,6,6,5,2,1,4,3,8,-5,0
513,22,"Female","Abitur",6,6,6,2,6,5,2,6,4,2,1,2,6,6,2,2,8,18,4
514,22,"Female","Abitur",5,5,5,2,7,5,2,3,3,3,2,2,3,2,2,3,14,11,-2
515,20,"Male","Abitur",6,5,4,2,7,4,2,4,2,3,2,3,6,5,3,1,14,0,-10
516,25,"Male","Abitur",5,4,1,1,7,1,1,4,2,2,6,2,1,1,6,6,10,-15,-13
517,21,"Male","Abitur",6,7,5,6,6,3,2,1,4,2,3,3,6,5,3,1,8,7,-1
520,23,"Female","Abitur",6,5,2,2,7,4,5,7,2,3,2,3,2,1,2,2,8,-5,7
521,21,"Female","Abitur",7,6,1,1,7,4,2,2,1,2,2,1,5,1,1,2,10,13,-7
524,26,"Female","Abitur",6,6,6,2,6,1,2,2,2,2,2,1,4,2,1,1,4,-12,-1
525,22,"Female","Abitur",6,5,4,1,5,6,4,4,3,4,3,5,4,3,3,4,11,-4,-4
527,28,"Female","Abitur",3,4,3,6,6,3,4,5,3,3,4,2,3,2,3,3,6,-2,-7
528,20,"Male","Abitur",6,7,7,1,7,4,1,2,3,2,7,5,6,6,1,2,2,9,3
529,26,"Female","Abitur",6,5,6,2,7,4,1,5,2,1,3,1,5,4,2,2,5,6,-1
531,28,"Female","Abitur",5,4,6,2,7,5,3,4,2,4,3,3,4,1,2,3,8,-7,0
534,20,"Female","Abitur",6,4,5,3,6,4,4,3,2,2,2,5,3,3,4,2,8,9,11
535,25,"Male","Abitur",6,6,4,2,6,3,2,2,3,2,5,2,4,5,6,3,17,9,-5
537,27,"Male","Abitur",7,7,6,3,6,6,1,1,1,3,2,4,5,5,1,1,15,14,2
538,26,"Male","Abitur",6,7,5,1,7,4,2,4,4,2,1,1,4,4,2,2,18,12,0
540,20,"Female","Abitur",6,3,6,2,7,1,1,2,1,2,1,1,6,4,2,1,6,-7,-2
541,29,"Female","Other",6,5,6,5,4,6,4,7,7,7,1,3,3,2,2,2,10,-17,-12
542,20,"Female","Abitur",6,4,4,3,5,4,2,3,3,4,5,3,3,2,3,1,18,7,0
543,NA,"Female","Abitur",7,7,6,6,7,3,2,2,1,2,3,2,4,5,2,2,10,6,-5
544,24,"Female","Abitur",5,6,6,1,7,2,1,2,1,2,1,2,4,3,1,1,14,33,12
545,20,"Female","Abitur",6,5,5,2,2,4,3,3,2,2,4,1,4,3,2,1,6,14,7
546,20,"Female","Abitur",7,6,6,3,6,4,2,3,1,3,1,1,5,4,2,2,17,15,5
547,22,"Female","Abitur",5,4,3,5,5,3,5,6,2,2,3,2,3,2,5,6,11,7,6
548,20,"Female","Secondary",1,2,3,6,3,6,6,5,4,6,7,5,2,1,2,3,12,1,-6
549,21,"Female","Abitur",6,5,5,2,6,4,3,4,5,3,4,4,3,5,2,4,9,13,-4
552,26,"Male","Abitur",7,2,4,2,7,2,1,2,1,1,1,2,1,4,1,2,20,37,18
553,19,"Female","Abitur",6,3,5,2,6,4,3,4,1,3,2,2,3,3,3,3,13,10,-7
554,25,"Female","Abitur",7,6,5,1,6,4,2,2,2,1,2,1,2,3,1,1,6,16,11
555,23,"Male","Abitur",5,5,5,3,6,3,3,3,4,3,5,3,4,4,3,3,2,-3,2
558,23,"Male","Abitur",7,5,5,3,7,2,2,2,2,4,3,4,5,4,2,2,13,3,0
560,29,"Female","Abitur",7,5,5,1,7,4,2,2,1,1,1,1,5,5,1,1,16,28,12
561,29,"Female","Abitur",6,5,5,2,7,6,3,4,2,5,2,1,4,3,2,4,14,15,6
563,25,"Male","Abitur",6,6,6,2,6,4,3,3,3,3,3,2,5,5,3,4,5,3,-4
566,22,"Female","Abitur",5,4,3,1,5,1,3,4,1,1,1,1,4,3,4,3,11,18,14
567,21,"Male","Abitur",6,5,4,6,6,5,1,2,1,3,1,2,5,2,3,4,7,16,-3
569,20,"Male","Abitur",6,6,4,3,7,7,2,3,3,4,2,3,4,2,2,2,15,0,0
570,22,"Female","Abitur",3,3,4,2,6,4,4,6,1,2,2,3,1,2,2,4,5,5,-6
571,25,"Male","Abitur",7,6,4,7,7,1,1,2,1,1,1,1,6,7,2,1,16,-19,-10
572,21,"Female","Abitur",6,5,3,1,6,5,3,2,1,2,2,1,6,4,2,4,7,-6,-12
573,23,"Male","Abitur",5,4,3,2,5,3,4,3,2,3,5,3,3,2,2,2,4,-8,-20
574,28,"Male","Abitur",6,5,3,2,5,4,2,4,4,4,3,2,3,3,1,3,10,-2,-9
575,24,"Male","Abitur",5,3,4,2,6,4,3,6,3,3,6,5,4,4,3,4,11,-1,-2
576,22,"Female","Abitur",7,6,6,2,7,1,2,1,1,2,1,1,6,5,2,2,11,-2,0
577,26,"Male","Abitur",6,6,4,2,5,2,3,4,1,4,4,3,4,4,3,3,13,12,1
578,24,"Male","Abitur",4,1,5,2,4,4,1,3,7,7,2,1,1,1,2,5,11,0,-11
581,25,"Female","Abitur",7,5,4,2,4,3,2,2,1,1,2,1,5,4,1,1,21,8,0
582,20,"Male","Abitur",5,7,6,1,7,1,1,2,1,2,1,1,4,4,1,2,12,3,10
583,21,"Female","Abitur",5,4,4,2,5,4,4,4,5,6,4,3,2,2,4,5,6,2,-1
584,27,"Female","Abitur",7,7,7,1,6,3,2,4,1,1,2,1,7,4,1,2,21,32,11
586,25,"Male","Abitur",2,5,2,4,2,7,5,4,3,4,4,3,2,2,1,1,16,-4,-13
587,25,"Male","Abitur",5,4,4,4,3,6,5,4,3,5,4,4,5,4,4,4,18,3,0
588,28,"Female","Abitur",6,5,6,6,7,4,2,2,1,5,1,1,4,4,2,2,3,-15,-11
589,22,"Female","Abitur",6,5,5,2,7,3,4,2,1,3,1,3,4,5,1,2,21,26,16
590,25,"Female","Other",5,5,6,4,7,5,2,2,4,5,2,2,6,4,2,2,4,-4,-12
591,24,"Female","Abitur",5,2,3,3,4,3,3,6,4,3,3,5,3,3,5,3,8,0,-6
592,20,"Female","Abitur",5,6,5,2,6,5,2,4,2,3,3,3,4,5,2,3,22,8,2
593,25,"Female","Abitur",6,6,4,2,7,2,5,1,1,1,3,1,4,3,1,1,2,25,5
595,21,"Female","Abitur",5,6,5,2,7,4,2,2,2,4,3,1,5,5,2,2,8,3,-8
596,25,"Female","Abitur",6,5,6,1,7,3,2,4,2,2,2,2,6,5,2,1,5,3,8
597,23,"Female","Abitur",5,4,3,4,6,5,4,6,2,3,5,2,2,2,3,4,10,13,3
598,21,"Male","Abitur",7,7,6,1,7,3,1,1,2,2,2,1,5,4,1,1,20,6,8
599,21,"Female","Abitur",4,3,2,2,7,5,5,4,2,2,4,2,3,2,1,3,3,15,-2
600,28,"Female","Abitur",4,5,3,1,4,1,1,2,1,2,1,1,2,2,1,1,10,10,10
601,32,"Male","Abitur",6,6,2,2,6,3,2,3,2,3,2,1,5,5,2,3,16,0,-6
602,23,"Male","Abitur",6,6,4,1,5,5,2,3,1,2,4,2,3,3,1,1,17,21,6
603,23,"Female","Abitur",5,5,4,2,5,2,3,5,3,4,4,3,3,4,3,4,9,16,-1
606,22,"Female","Abitur",7,7,5,2,7,2,3,6,6,6,5,5,5,3,6,6,8,13,5
607,24,"Male","Abitur",6,6,5,3,5,2,2,2,1,2,2,2,5,4,2,1,18,12,4
608,26,"Male","Abitur",6,5,5,6,6,4,3,4,1,2,2,1,2,4,2,2,15,4,-3
609,21,"Female","Abitur",6,6,5,1,7,4,5,4,2,5,4,1,4,3,1,4,7,10,-2
610,23,"Male","Abitur",6,6,5,2,7,5,2,2,1,2,1,2,4,4,3,2,14,-5,-4
611,22,"Female","Abitur",7,5,5,1,7,2,2,4,6,2,3,4,5,5,4,2,9,-1,-2
612,25,"Male","Abitur",7,5,4,2,6,5,1,4,1,2,3,1,5,4,1,1,16,10,1
613,25,"Female","Abitur",5,6,3,1,6,4,4,3,1,4,2,1,3,3,2,4,12,8,-11
616,26,"Male","Abitur",6,4,4,2,6,5,4,4,2,1,1,5,5,5,4,2,12,6,-3
617,19,"Male","Abitur",5,6,3,1,7,2,2,5,1,2,2,2,4,5,1,1,15,30,14
618,29,"Male","Abitur",6,3,4,2,4,4,2,5,1,2,2,2,3,4,4,3,12,1,-11
621,23,"Male","Abitur",7,7,6,1,7,5,1,1,1,2,2,1,3,4,1,1,13,26,4
622,20,"Female","Abitur",2,3,4,2,7,4,2,4,4,6,4,2,2,4,1,1,4,1,-2
623,23,"Female","Abitur",5,7,6,1,7,1,1,5,2,1,1,3,5,1,1,1,2,-10,-2
624,20,"Male","Abitur",6,5,4,2,6,3,2,5,2,5,3,3,4,3,3,3,8,14,1
625,27,"Female","Abitur",6,5,6,2,5,3,2,4,2,2,3,2,5,3,1,2,19,31,-1
626,25,"Male","Abitur",6,6,5,2,6,3,1,2,2,3,2,2,6,5,2,2,7,3,-5
627,29,"Male","Abitur",5,4,5,4,7,2,4,5,1,2,4,7,4,5,2,2,8,-2,3
628,25,"Male","Abitur",6,5,4,2,6,3,2,4,1,2,3,1,6,4,2,2,8,19,12
629,24,"Female","Abitur",6,3,1,5,5,7,4,3,3,6,5,5,2,2,3,4,5,-3,-5
630,25,"Male","Abitur",7,5,7,1,7,2,4,3,6,6,6,2,3,2,1,1,13,-15,-21
631,22,"Female","Abitur",5,3,3,2,6,6,4,5,5,4,4,2,3,1,2,3,4,-15,-9
634,27,"Male","Abitur",6,5,4,3,6,1,2,3,1,2,2,3,4,4,2,2,16,28,14
635,25,"Male","Abitur",5,5,3,3,7,5,3,3,5,4,3,2,3,3,1,1,6,-9,-5
639,20,"Female","Abitur",4,3,3,3,4,4,4,5,4,5,5,5,2,2,1,2,2,-8,4
641,24,"Female","Abitur",6,5,6,2,7,5,2,3,1,2,1,1,6,4,1,2,6,7,-2
642,27,"Male","Abitur",2,6,1,2,7,2,2,1,5,4,5,4,3,5,5,4,11,19,7
643,25,"Female","Abitur",3,4,4,3,5,5,4,4,2,6,3,3,3,3,3,3,2,16,-2
644,24,"Male","Abitur",6,6,6,1,6,4,3,2,4,5,2,3,3,4,2,3,12,-17,-12
645,22,"Male","Abitur",7,7,7,4,7,1,1,1,1,1,1,1,4,1,1,1,13,5,-11
646,22,"Female","Abitur",2,6,3,1,5,7,1,3,1,4,2,1,2,3,1,2,9,19,16
648,23,"Male","Abitur",1,3,3,3,4,5,4,6,3,3,4,3,4,5,3,2,12,19,0
649,24,"Female","Abitur",2,2,2,2,5,6,2,3,2,3,5,1,1,2,1,2,2,-18,-9
650,23,"Male","Abitur",6,6,5,2,7,3,2,2,1,3,6,3,6,5,1,2,10,-2,1
651,20,"Male","Abitur",6,5,5,2,6,3,2,2,1,1,1,1,5,2,3,2,22,28,19
653,28,"Male","Abitur",6,7,6,2,7,5,1,1,2,6,3,2,6,6,2,2,9,28,6
654,33,"Female","Abitur",6,6,5,2,6,2,2,2,1,3,2,1,5,3,2,2,10,-8,1
655,21,"Female","Abitur",6,6,6,2,6,4,2,4,3,5,4,2,3,3,1,3,7,20,1
656,31,"Male","Abitur",5,4,2,1,7,6,4,3,1,3,2,2,1,2,1,1,5,-19,-11
659,28,"Female","Abitur",5,4,5,3,5,5,4,3,3,5,4,3,5,3,2,2,0,-14,-18
661,28,"Female","Abitur",6,4,5,2,6,2,3,3,2,3,2,2,5,3,3,3,10,11,13
662,23,"Female","Abitur",3,4,5,3,3,6,3,2,1,4,5,1,2,4,1,2,4,0,-3
663,50,"Male","Abitur",6,6,5,2,6,4,1,2,4,2,2,2,6,6,1,1,11,12,-7
664,22,"Female","Abitur",5,3,2,3,4,2,4,6,2,7,3,5,2,1,5,4,2,-11,-2
665,24,"Male","Abitur",5,5,4,2,6,4,3,5,7,5,5,4,3,4,1,1,2,-1,-11
666,22,"Female","Abitur",6,5,1,4,6,2,1,4,7,2,4,2,4,2,1,1,9,21,9
667,30,"Female","Abitur",7,7,7,1,7,1,1,1,1,1,1,1,7,7,1,1,12,-25,-7
668,20,"Female","Abitur",7,6,5,2,7,1,1,3,1,1,4,2,7,6,1,1,13,17,5
671,26,"Female","Abitur",5,5,4,3,7,2,3,4,1,3,2,2,4,4,2,3,7,16,6
672,32,"Male","Abitur",6,6,6,1,7,1,3,2,2,2,2,2,5,4,2,2,17,29,19
673,21,"Female","Abitur",7,4,5,1,6,4,1,2,1,2,1,1,5,5,2,2,9,26,-1
675,24,"Male","Abitur",3,3,5,3,5,5,4,3,3,3,3,3,5,5,5,5,18,13,10
677,23,"Female","Abitur",6,6,5,1,7,1,1,2,1,3,1,1,6,6,1,1,14,54,22
678,25,"Female","Abitur",6,4,6,2,7,5,5,7,5,4,5,3,3,3,1,2,6,4,0
679,22,"Female","Abitur",7,2,3,4,1,4,6,5,7,3,6,1,3,4,6,5,13,5,-3
681,19,"Female","Abitur",3,3,3,4,5,6,3,4,2,4,5,3,3,4,4,3,5,3,1
683,20,"Female","Abitur",6,4,4,5,6,4,4,4,1,2,2,6,5,4,3,5,10,-3,-6
684,21,"Female","Abitur",5,5,3,2,6,3,2,3,3,3,3,3,5,3,1,2,1,-2,7
685,26,"Male","Abitur",4,5,3,3,4,5,4,6,5,7,5,5,3,3,5,6,4,-3,-3
688,23,"Male","Abitur",4,5,3,3,5,4,4,5,4,4,3,4,4,5,1,5,12,6,-7
691,24,"Male","Abitur",6,7,7,1,7,4,1,1,1,1,1,1,1,1,1,1,7,-6,-16
692,24,"Female","Abitur",7,5,5,2,4,5,2,4,7,1,1,1,5,4,1,1,7,9,1
693,20,"Female","Abitur",3,3,3,5,6,4,2,3,2,2,4,2,3,2,1,2,16,1,0
694,28,"Female","Abitur",6,6,5,1,7,2,1,2,1,1,1,1,6,5,1,1,19,46,18
696,23,"Male","Abitur",6,5,6,2,6,6,2,2,2,2,3,2,3,4,3,3,8,12,0
697,20,"Female","Abitur",6,5,5,3,6,7,2,5,4,4,5,3,3,2,2,2,5,6,-11
698,31,"Male","Abitur",7,4,4,1,6,3,4,2,1,1,3,4,2,4,1,1,16,7,3
699,20,"Female","Abitur",5,5,2,1,6,4,5,3,2,4,1,4,3,4,3,3,6,16,1
700,23,"Female","Abitur",6,6,6,7,7,4,3,3,2,3,2,3,4,4,3,3,12,22,6
701,19,"Female","Abitur",5,4,5,2,6,4,3,4,2,4,4,2,4,2,1,2,6,9,1
702,20,"Male","Abitur",6,6,4,1,7,4,2,6,2,2,3,1,2,1,3,2,14,24,12
703,33,"Male","Abitur",7,6,6,2,6,5,2,2,2,3,2,1,5,6,1,1,6,-13,2
704,23,"Male","Abitur",5,4,4,4,7,3,4,2,2,3,4,2,4,2,4,2,8,1,-9
706,21,"Female","Abitur",4,4,3,2,3,6,4,6,5,7,3,5,4,2,6,5,3,-15,-15
707,27,"Male","Abitur",5,6,3,3,6,4,2,7,2,2,5,3,3,4,3,2,16,12,4
710,23,"Female","Abitur",6,4,6,3,7,1,2,3,5,1,4,5,3,1,5,5,9,0,12
711,20,"Female","Abitur",6,6,4,5,7,3,4,2,2,2,2,2,4,1,2,2,9,10,-3
712,20,"Female","Abitur",4,5,5,2,4,4,3,3,4,3,2,2,3,3,1,2,2,-4,-2
714,22,"Female","Abitur",6,3,5,4,5,4,3,6,4,4,4,2,5,4,2,2,5,-11,-10
715,28,"Female","Abitur",5,5,5,2,5,3,2,3,1,2,1,1,5,6,1,3,6,11,6
716,28,"Male","Abitur",4,3,2,4,3,6,6,7,4,6,4,4,2,1,3,2,11,-17,-12
718,25,"Male","Abitur",5,3,7,2,7,2,2,3,5,5,2,3,5,5,3,3,5,-3,-4
719,19,"Male","Abitur",6,6,6,1,7,3,3,3,1,1,3,1,5,4,3,4,20,41,11
721,24,"Male","Abitur",7,6,6,1,7,2,1,2,4,3,2,2,6,2,1,1,16,28,15
724,23,"Female","Abitur",6,4,1,1,7,5,1,1,1,1,2,1,5,4,2,2,13,21,13
727,29,"Female","Abitur",7,6,4,2,4,5,2,6,1,4,4,2,6,4,1,1,19,31,11
728,24,"Male","Abitur",6,5,5,2,7,3,2,3,5,5,2,5,3,4,1,3,6,3,-3
729,24,"Female","Abitur",4,5,3,3,5,3,2,5,5,5,3,2,4,2,5,5,7,-3,-8
730,21,"Female","Abitur",6,4,6,2,5,2,2,3,3,4,3,2,5,4,1,1,6,9,11
731,21,"Male","Abitur",7,6,7,1,7,3,1,3,2,2,2,2,7,5,1,1,18,30,23
734,29,"Male","Abitur",3,4,4,1,6,7,6,3,4,3,5,6,4,3,2,2,3,1,-8
736,23,"Male","Abitur",7,6,6,3,7,5,4,5,3,5,4,3,5,4,2,2,6,2,-1
737,28,"Male","Abitur",7,6,6,2,4,3,3,3,2,3,3,2,5,4,3,3,10,22,-6
739,25,"Female","Abitur",3,3,3,1,6,2,2,3,2,3,5,4,3,1,1,1,2,-8,-7
740,25,"Male","Abitur",6,4,3,3,7,4,5,2,5,7,2,3,4,5,2,3,10,-12,-9
741,20,"Female","Abitur",6,6,5,1,7,3,3,3,2,3,3,3,4,3,2,2,12,17,1
742,22,"Female","Abitur",6,5,3,1,7,4,3,3,3,3,4,5,4,4,2,2,13,11,13
743,29,"Female","Abitur",5,6,7,4,5,2,3,3,2,6,2,5,5,2,1,3,11,-1,4
744,26,"Female","Abitur",5,4,7,1,7,3,2,4,3,5,2,1,6,4,3,1,3,-28,-3
745,20,"Male","Abitur",7,7,5,3,6,6,3,4,5,3,7,6,1,1,2,2,5,-4,-10
746,34,"Female","Abitur",4,4,4,4,4,4,4,4,4,4,4,4,4,4,4,4,15,0,0
748,41,"Male","Abitur",6,5,5,6,6,2,3,2,2,2,4,3,4,4,1,1,20,24,9
750,24,"Male","Abitur",5,5,5,5,5,6,3,4,2,4,3,2,4,4,2,3,2,-5,-1
751,25,"Female","Abitur",6,6,4,2,4,2,5,4,1,3,3,1,4,4,3,2,4,-2,-4
752,23,"Female","Abitur",6,4,5,2,7,4,2,3,2,5,1,2,4,5,2,5,6,6,0
753,37,"Female","Abitur",7,7,7,2,7,3,1,1,1,2,2,1,6,4,1,1,10,33,13
754,21,"Female","Abitur",5,4,4,4,7,4,4,6,1,6,2,2,4,1,3,3,9,-2,-5
756,23,"Male","Abitur",7,4,6,1,6,2,4,4,4,2,4,4,2,1,4,1,14,10,1
757,23,"Female","Abitur",6,4,1,2,3,2,4,3,1,2,1,1,4,4,2,2,13,2,3
759,22,"Female","Abitur",6,5,5,2,6,4,2,3,1,5,3,1,5,5,2,2,13,0,3
760,26,"Male","Abitur",7,5,4,2,4,3,3,1,2,2,2,2,5,7,3,3,12,4,-8
761,25,"Female","Abitur",5,6,5,3,5,6,3,6,6,3,4,6,3,4,3,3,9,13,4
762,20,"Male","Abitur",6,7,6,1,7,4,2,2,6,2,1,1,3,6,3,3,12,21,-2
763,28,"Male","Abitur",7,7,6,1,7,5,1,4,2,2,2,1,4,5,1,1,2,-9,-15
767,23,"Male","Abitur",6,4,5,2,5,1,2,4,3,3,2,1,2,3,3,5,12,3,7
771,22,"Female","Abitur",5,4,3,2,5,3,3,4,1,3,1,2,4,2,1,1,8,7,4
772,24,"Female","Other",6,3,2,3,5,2,3,3,3,6,1,3,3,5,1,1,11,0,-4
773,20,"Male","Abitur",6,7,5,1,7,2,1,2,2,2,2,2,4,4,2,2,8,23,9
775,22,"Male","Abitur",6,4,4,1,5,3,2,1,1,2,2,2,5,4,2,2,15,15,3
777,23,"Female","Abitur",5,5,2,1,5,2,1,1,1,1,1,1,1,1,2,1,14,16,12
779,24,"Male","Abitur",6,4,4,3,2,4,4,6,5,3,4,3,4,3,4,3,10,6,-3
781,20,"Female","Abitur",5,5,5,7,7,6,1,5,2,1,2,1,4,3,4,7,8,-2,0
782,20,"Male","Abitur",4,6,3,2,5,7,4,3,2,4,3,2,6,3,2,4,5,-6,-2
783,20,"Female","Abitur",3,3,3,4,3,5,5,5,4,6,5,5,4,3,3,3,8,-9,-7
785,24,"Female","Abitur",5,5,4,2,6,3,4,5,3,2,4,3,3,4,2,3,6,3,-3
786,26,"Male","Abitur",6,6,6,2,7,5,2,4,2,4,3,5,4,3,1,2,5,-11,-15
787,24,"Male","Abitur",6,5,6,1,6,3,2,6,5,3,4,1,5,5,2,1,8,-11,6
788,22,"Male","Abitur",5,5,5,5,5,3,4,3,2,2,3,3,5,2,2,3,15,1,0
792,25,"Female","Abitur",6,5,4,3,6,2,2,1,1,1,1,1,5,4,1,1,13,25,17
793,24,"Male","Abitur",5,2,2,6,5,6,5,6,4,5,5,5,4,4,3,2,8,12,0
795,23,"Male","Abitur",4,4,4,4,4,4,4,4,4,4,4,4,4,4,4,4,18,3,0
796,32,"Male","Abitur",7,5,6,7,7,3,1,2,4,5,1,2,6,7,1,2,12,6,-10
801,23,"Female","Abitur",7,7,6,2,7,4,2,3,2,2,2,2,5,4,5,3,9,8,-1
802,21,"Male","Abitur",6,5,4,3,5,4,5,6,5,5,6,5,3,2,1,1,9,3,-10
803,26,"Female","Abitur",6,4,3,2,6,6,5,2,1,2,1,1,5,4,1,1,12,2,-1
804,22,"Female","Abitur",6,5,4,3,7,4,4,3,2,5,3,3,4,3,2,3,3,-1,-2
805,20,"Female","Abitur",6,5,4,2,6,6,2,3,1,2,1,1,4,4,2,2,10,6,4
807,24,"Female","Abitur",6,7,6,2,7,4,2,2,1,4,2,1,5,4,2,2,11,-4,2
808,25,"Female","Abitur",5,4,5,2,7,4,3,3,2,2,3,3,5,4,2,3,7,13,-9
809,23,"Male","Abitur",7,7,5,1,7,3,2,2,1,2,2,3,3,4,1,1,8,-12,-10
811,22,"Female","Abitur",2,2,2,5,2,4,4,6,6,5,5,2,2,2,3,3,8,8,-1
812,22,"Male","Abitur",7,7,7,1,7,4,1,2,1,1,1,1,6,6,1,1,23,35,10
813,32,"Male","Abitur",7,7,6,1,4,1,1,4,2,2,2,4,4,6,1,1,23,27,14
814,24,"Male","Abitur",6,6,6,1,5,4,1,1,5,1,1,1,5,6,1,1,16,20,2
818,19,"Male","Abitur",6,6,4,1,7,3,2,3,5,3,5,2,3,2,4,2,12,27,14
819,43,"Male","Abitur",7,5,6,1,7,3,1,1,1,1,1,1,4,4,1,1,6,0,-6
821,24,"Female","Abitur",4,3,4,5,6,4,4,5,5,4,5,5,3,1,4,5,12,13,8
822,22,"Female","Abitur",7,6,6,1,6,2,1,1,1,1,1,1,6,4,1,1,17,14,4
824,20,"Female","Abitur",5,3,1,2,6,6,4,5,2,3,4,2,3,1,2,2,8,-3,-8
825,19,"Female","Abitur",3,2,3,3,4,5,4,6,2,3,3,2,3,2,4,4,8,0,2
826,22,"Female","Abitur",6,5,5,3,6,5,3,3,2,3,2,3,5,4,3,4,14,-5,-1
827,25,"Male","Abitur",7,6,7,2,7,3,1,2,2,3,2,2,6,5,1,2,11,0,-5
828,22,"Female","Abitur",5,4,3,5,6,6,4,3,1,3,3,2,5,2,1,1,12,8,5
829,20,"Female","Abitur",6,5,4,2,5,4,2,4,2,4,2,1,4,4,4,3,3,-9,-6
832,24,"Female","Abitur",3,3,2,6,3,3,5,7,3,7,4,5,2,1,2,2,0,-15,-17
833,21,"Female","Abitur",5,4,4,2,5,3,2,3,2,2,2,1,3,2,2,3,12,27,15
834,21,"Female","Abitur",2,4,3,2,5,5,4,5,2,5,5,3,3,2,3,3,5,15,-1
835,19,"Female","Abitur",3,2,2,6,4,6,4,3,3,3,1,3,1,1,2,3,8,1,-3
836,22,"Female","Abitur",6,4,3,1,7,5,4,3,1,3,2,1,3,3,1,1,12,28,12
837,29,"Male","Abitur",5,6,4,2,5,7,2,1,2,2,1,1,5,5,2,1,4,-5,-4
839,27,"Male","Other",7,6,5,2,7,4,1,2,2,3,1,1,6,5,2,2,13,1,-2
841,25,"Male","Abitur",6,5,6,2,6,4,2,2,1,2,2,1,5,4,2,2,1,-11,-6
842,24,"Female","Abitur",3,2,2,3,5,6,6,6,6,7,5,3,4,4,6,6,3,-17,-10
843,26,"Male","Abitur",6,6,5,2,6,4,1,3,1,3,2,2,5,3,3,3,10,7,0
844,24,"Female","Abitur",6,4,5,2,6,5,3,2,2,3,2,2,5,5,2,2,11,14,-1
845,22,"Female","Abitur",6,6,5,2,7,3,2,2,1,4,2,2,4,5,3,2,5,-32,-15
847,24,"Female","Abitur",6,7,7,1,7,4,1,1,1,2,1,1,5,5,1,1,11,11,15
850,25,"Female","Abitur",5,4,4,3,6,2,3,4,3,2,2,3,4,3,3,4,9,4,3
851,33,"Male","Abitur",5,3,2,3,5,5,4,6,1,3,1,5,4,3,5,5,1,-20,-8
852,20,"Female","Abitur",6,5,5,2,7,4,2,2,2,3,2,2,4,4,2,3,0,-2,-2
853,23,"Male","Abitur",6,5,5,1,6,4,2,1,1,2,1,2,5,4,2,2,8,-15,-9
854,21,"Female","Abitur",6,5,6,1,6,4,2,2,1,2,2,3,5,4,2,2,10,4,-4
855,24,"Female","Abitur",5,3,2,3,5,4,5,5,2,5,2,4,4,3,2,2,8,13,6
856,23,"Female","Abitur",6,4,2,6,2,5,5,6,3,4,5,3,3,2,3,4,12,-5,-1
857,23,"Male","Abitur",2,5,3,3,5,6,3,3,6,3,6,3,2,2,1,1,8,-31,-15
858,35,"Female","Abitur",5,4,2,3,5,4,4,3,3,3,3,2,4,4,2,2,6,0,-7
859,25,"Female","Abitur",6,3,3,4,3,6,3,5,4,5,2,3,5,3,6,6,5,-30,-11
860,31,"Female","Abitur",6,6,5,2,6,4,1,2,2,1,2,2,6,3,4,4,12,21,12
861,21,"Female","Abitur",6,7,6,2,5,5,1,2,1,3,2,1,6,5,2,2,12,11,5
862,19,"Male","Abitur",6,6,4,1,7,3,1,2,2,4,2,1,3,6,2,3,18,5,-3
863,25,"Female","Abitur",5,4,4,2,6,4,2,4,3,4,3,2,5,4,2,3,13,11,-2
864,21,"Female","Abitur",5,4,3,4,5,3,4,3,2,5,2,4,3,2,4,5,5,2,10
865,26,"Male","Abitur",7,6,4,2,6,4,2,2,2,2,1,4,5,5,3,2,11,29,-4
867,23,"Male","Abitur",6,5,5,1,7,2,2,3,2,2,3,1,5,4,3,3,6,5,10
869,35,"Female","Abitur",5,5,5,2,6,4,2,4,3,4,3,3,4,3,1,2,9,10,-1
870,20,"Male","Abitur",6,4,3,3,7,6,4,3,2,2,3,4,4,3,1,1,9,-2,-5
872,26,"Male","Abitur",6,6,5,1,5,4,2,4,4,3,4,4,5,3,3,1,14,24,0
873,25,"Female","Abitur",6,5,4,2,6,5,4,4,6,5,2,6,5,4,4,4,10,4,4
875,26,"Female","Abitur",7,7,7,1,7,2,1,1,1,1,1,1,7,5,1,1,15,0,-2
877,20,"Male","Abitur",6,6,7,2,6,2,2,4,2,3,1,3,6,3,1,1,17,19,2
878,20,"Male","Abitur",4,6,6,1,7,4,3,6,1,7,1,1,5,4,1,2,6,8,-15
879,34,"Male","Abitur",4,5,4,2,6,5,2,5,4,3,4,2,4,4,1,5,12,23,9
880,20,"Male","Abitur",5,2,2,4,3,5,4,4,2,4,5,2,4,4,3,3,11,-3,1
881,23,"Male","Abitur",5,6,5,2,7,3,2,2,1,3,2,2,4,4,2,3,13,5,-3
882,22,"Female","Abitur",6,3,6,1,6,2,2,2,2,2,2,2,5,6,2,3,8,14,12
883,29,"Male","Abitur",5,5,4,5,7,5,3,4,2,3,3,3,5,4,3,3,11,14,-5
885,26,"Male","Abitur",5,5,4,3,6,3,3,4,3,3,3,2,6,4,3,3,11,9,5
886,24,"Female","Abitur",5,6,5,1,6,4,1,1,1,1,1,1,6,5,1,1,21,31,11
888,20,"Female","Abitur",6,4,5,1,6,3,2,4,2,1,2,1,5,5,3,3,18,18,0
890,34,"Female","Abitur",6,6,4,1,5,4,2,1,1,4,1,2,5,4,2,2,13,16,3
891,24,"Female","Abitur",4,6,5,6,6,2,3,4,3,3,3,4,4,4,2,3,7,-1,0
892,20,"Male","Abitur",7,6,5,2,7,5,2,2,1,5,2,2,6,4,1,1,8,-1,-8
895,26,"Female","Abitur",6,7,6,1,7,1,2,1,1,2,2,1,7,6,1,1,24,32,16
896,22,"Male","Abitur",6,4,5,1,6,4,3,2,1,4,2,3,4,3,1,1,9,13,13
897,30,"Female","Abitur",5,5,5,3,5,2,2,4,5,3,4,1,4,2,4,4,13,-16,-11
898,24,"Male","Abitur",4,5,5,2,5,7,1,1,1,1,3,1,5,2,2,4,6,-15,-4
899,22,"Female","Abitur",6,5,3,2,6,6,2,2,7,1,2,7,5,4,1,2,9,22,6
900,21,"Female","Abitur",7,4,4,1,6,2,1,2,1,1,3,2,3,3,2,3,13,13,17
901,25,"Female","Abitur",6,6,6,2,7,2,3,5,3,1,4,1,3,4,1,1,10,17,21
902,24,"Female","Abitur",6,4,3,2,6,2,3,2,1,2,2,2,5,3,5,4,20,12,-2
903,21,"Female","Abitur",6,5,5,1,6,3,2,3,3,3,3,2,4,3,3,3,13,20,4
904,22,"Male","Abitur",5,3,3,4,6,3,3,3,1,3,2,2,5,5,2,4,8,-8,-2
905,23,"Female","Abitur",5,3,3,2,6,3,4,5,2,5,2,3,3,2,1,1,12,24,10
906,25,"Male","Abitur",6,6,4,2,6,4,3,2,1,2,4,2,4,4,1,1,9,14,-6
908,24,"Female","Abitur",3,3,6,3,6,4,5,3,3,5,2,5,4,3,3,3,9,6,-11
909,20,"Female","Abitur",6,7,6,1,7,6,2,3,1,1,2,2,5,5,1,5,21,41,11
911,23,"Male","Abitur",5,5,3,3,7,6,2,5,3,3,5,3,3,3,3,2,7,-6,0
913,19,"Female","Abitur",5,5,3,2,5,6,4,3,4,5,2,3,5,3,1,2,6,0,-1
914,31,"Male","Abitur",7,7,6,1,7,5,1,1,1,1,1,1,6,6,2,2,18,22,3
915,29,"Female","Abitur",7,7,6,1,7,2,2,2,1,2,2,2,5,6,2,2,6,3,5
916,20,"Male","Abitur",3,6,5,2,7,1,2,2,1,2,1,3,6,4,2,4,11,-2,-9
917,27,"Female","Abitur",3,3,2,3,6,2,3,3,6,7,2,5,2,3,1,1,1,6,0
918,19,"Male","Abitur",6,6,5,1,7,6,2,3,4,4,2,3,3,6,4,7,14,21,3
919,23,NA,"Abitur",6,6,5,2,7,3,3,3,4,3,1,1,6,4,2,1,7,-13,-6
921,24,"Male","Abitur",7,6,5,2,7,2,1,3,2,2,2,2,5,4,2,1,18,17,0
922,21,NA,"Abitur",5,3,5,4,7,4,4,6,4,4,5,3,6,1,2,2,3,-26,-5
925,24,"Female","Abitur",7,6,5,1,6,2,1,1,1,1,1,1,3,3,1,1,18,47,21
926,20,"Male","Abitur",6,6,6,2,7,4,2,1,2,4,1,2,5,5,3,3,4,11,-6
927,23,"Male","Abitur",6,5,4,2,5,4,2,3,4,4,2,5,3,4,1,1,9,12,0
928,19,"Female","Abitur",6,3,3,3,6,1,3,2,1,1,4,3,2,5,3,5,6,-8,-3
929,22,"Female","Abitur",5,3,3,4,6,3,3,3,3,5,3,2,4,3,3,2,12,10,-1
930,21,"Male","Abitur",6,1,1,1,4,1,1,1,1,1,3,1,2,1,7,7,15,22,5
931,25,"Female","Abitur",5,4,4,2,6,5,2,4,1,5,2,2,4,4,1,2,10,18,2
932,21,"Male","Abitur",6,7,5,4,6,3,2,5,2,4,5,3,6,4,2,2,3,-6,-7
933,24,"Male","Abitur",5,5,5,3,6,3,5,3,4,6,3,3,4,4,2,2,3,-19,-21
935,26,"Female","Abitur",6,5,5,2,6,4,1,3,1,1,2,1,5,4,3,3,7,5,1
936,24,"Female","Abitur",6,6,5,4,6,4,1,2,1,1,2,2,4,4,1,1,12,15,16
939,27,"Male","Abitur",7,6,6,4,6,2,3,4,5,1,3,2,4,2,1,1,6,-4,-4
942,20,"Female","Abitur",6,5,5,2,7,4,2,3,1,4,1,2,5,4,2,3,1,-26,-10
943,25,"Female","Abitur",6,5,5,3,6,4,4,3,2,3,4,4,5,4,2,2,7,10,7
944,20,"Female","Abitur",5,4,5,2,6,4,2,4,5,2,2,2,4,3,5,6,8,13,8
946,22,"Male","Abitur",6,5,6,1,6,3,1,1,1,3,1,1,6,4,1,1,6,9,6
948,30,"Female","Abitur",5,4,4,2,5,4,2,4,2,3,2,2,5,4,4,4,12,16,2
949,24,"Female","Abitur",2,2,2,5,5,3,5,5,4,3,4,3,2,1,2,1,11,13,-3
950,23,"Female","Abitur",5,5,5,2,6,4,3,5,2,4,3,3,4,3,2,3,9,-13,-2
951,22,"Male","Abitur",6,6,5,2,7,2,3,5,2,2,2,1,3,3,3,3,8,4,-5
952,27,"Male","Abitur",6,5,4,1,5,5,2,2,1,3,5,2,4,6,1,1,14,2,-2
954,19,"Female","Abitur",6,7,7,2,6,3,1,1,3,2,1,2,7,6,1,1,24,57,24
956,23,"Male","Abitur",4,3,2,3,6,3,4,4,5,4,3,1,4,3,4,3,11,0,-2
957,24,"Male","Abitur",4,5,6,6,7,4,2,3,4,2,4,2,5,3,4,5,9,4,9
958,23,"Female","Abitur",6,5,2,1,3,2,2,1,1,1,1,7,5,3,2,3,7,25,5
960,19,"Female","Abitur",7,7,6,2,6,4,2,2,2,2,3,2,4,4,1,1,8,-5,4
961,22,"Male","Abitur",6,3,4,2,6,5,3,5,2,5,2,3,5,3,3,4,7,-9,-11
963,22,"Female","Abitur",5,6,6,1,6,4,2,2,2,2,1,3,5,4,3,4,7,22,8
965,27,"Male","Abitur",6,6,5,2,7,6,6,4,5,2,4,2,4,5,2,4,9,-15,-7
966,27,"Male","Abitur",5,6,5,2,7,5,2,3,3,2,2,5,4,2,2,4,6,5,-3
967,19,"Male","Abitur",3,3,2,4,4,5,4,5,5,4,5,5,3,1,4,5,3,-15,-13
968,19,"Female","Abitur",6,4,3,4,6,3,2,3,4,3,2,1,5,4,1,1,9,19,-1
970,23,"Male","Abitur",7,5,3,7,7,5,1,5,1,2,3,1,2,2,3,3,7,2,3
971,27,"Male","Abitur",5,2,1,5,5,4,6,6,7,7,6,5,1,1,3,3,2,4,-16
973,27,"Male","Abitur",5,6,5,2,6,4,3,4,5,3,3,2,4,4,2,1,3,3,-3
974,27,"Female","Abitur",5,4,4,5,4,3,2,4,3,4,3,3,2,3,1,3,0,12,1
977,23,"Male","Abitur",7,7,6,1,7,4,2,2,1,3,1,2,6,1,2,1,12,14,4
978,25,"Male","Abitur",5,5,3,2,6,4,3,3,1,4,2,2,6,3,1,1,7,14,4
979,26,"Female","Abitur",6,6,5,2,7,3,2,3,2,5,3,5,5,5,4,3,2,6,1
981,21,"Male","Abitur",6,6,6,2,7,4,2,2,1,2,2,2,3,1,3,2,10,32,3
982,22,"Male","Abitur",6,5,4,2,7,2,2,4,1,2,3,1,5,4,2,2,6,20,-5
983,19,"Male","Abitur",4,6,6,2,7,5,2,3,4,6,2,4,6,1,3,3,1,5,1
984,25,"Female","Abitur",7,7,6,1,5,2,1,1,1,1,1,1,6,6,1,1,21,35,16
985,20,"Female","Abitur",6,5,5,1,7,2,2,2,1,2,1,1,5,4,2,3,16,25,17
989,20,"Male","Abitur",6,4,3,1,7,1,1,3,1,2,2,2,5,4,1,1,15,13,17
993,25,"Female","Abitur",6,2,2,3,2,7,4,1,1,3,2,3,3,4,1,1,9,1,12
994,26,"Female","Abitur",7,6,5,1,7,3,1,2,1,5,2,1,6,6,2,3,9,-11,-13
995,22,"Female","Abitur",5,5,4,2,5,5,3,3,6,4,3,4,3,4,2,5,12,9,-3
996,23,"Female","Abitur",5,4,3,2,4,4,4,3,2,3,3,3,2,1,5,4,4,-5,-3
997,21,"Female","Abitur",6,3,3,5,5,3,4,6,4,3,3,4,3,4,4,3,9,-7,-6
998,24,"Female","Abitur",5,5,3,2,6,6,3,4,3,3,4,2,4,4,3,3,1,-27,-9
999,24,"Female","Abitur",5,6,5,1,6,3,3,3,1,2,2,3,5,5,1,5,9,17,0
1000,27,"Female","Abitur",5,6,5,1,6,5,3,4,2,3,2,3,4,3,4,5,4,-10,-6
1002,27,"Female","Abitur",6,7,5,3,5,2,1,3,1,3,1,1,2,4,2,3,10,12,-1
1004,23,"Female","Abitur",3,5,3,3,5,3,5,3,5,6,5,2,2,2,3,4,4,22,20
1006,23,"Male","Abitur",6,5,5,2,6,3,3,3,1,3,3,1,5,5,1,1,6,19,-6
1007,19,"Female","Abitur",6,3,4,7,6,5,2,3,1,4,3,1,3,3,2,3,10,20,3
1009,37,"Female","Abitur",6,4,5,2,5,2,2,2,2,2,2,2,2,2,2,2,20,32,15
1010,26,"Male","Abitur",6,4,2,2,6,5,3,5,1,6,3,6,4,2,1,1,3,-18,-22
1011,20,"Female","Abitur",6,4,7,1,6,4,3,1,2,6,2,2,5,4,3,4,14,35,16
1012,19,"Female","Abitur",5,3,3,2,5,6,3,5,3,4,3,3,4,3,3,4,6,-1,-8
1013,25,"Male","Abitur",6,6,6,2,6,4,2,4,4,2,4,2,6,6,2,2,13,14,2
1014,20,"Female","Abitur",5,6,5,3,7,5,3,4,3,5,4,5,3,4,4,4,4,-9,-8
1015,27,"Female","Abitur",6,6,5,2,5,2,1,2,5,2,4,2,5,2,1,1,4,-11,-6
1016,28,"Female","Abitur",6,6,5,1,6,5,1,3,1,3,1,2,4,4,1,1,15,-4,-6
1018,23,"Male","Abitur",6,6,6,6,6,4,2,4,2,4,4,6,6,4,2,2,21,16,9
1019,20,"Female","Abitur",6,6,5,2,6,4,3,4,6,4,1,2,4,5,2,3,8,-9,-9
1022,27,"Male","Abitur",6,4,5,2,6,4,3,2,2,4,2,2,5,5,1,2,19,8,11
1023,23,"Female","Abitur",4,2,2,2,6,2,2,2,1,1,1,1,4,3,2,1,9,19,6
1025,21,"Female","Abitur",7,6,5,2,5,4,1,5,1,1,2,1,5,5,2,3,11,15,16
1026,22,"Female","Abitur",2,3,4,7,2,6,6,6,6,6,6,6,2,4,7,6,12,0,-1
1027,27,"Male","Abitur",5,6,5,2,4,3,4,4,2,3,4,2,3,4,2,3,6,8,-6
1028,34,"Male","Abitur",6,2,3,1,7,2,2,3,1,3,1,2,4,4,1,1,7,-14,-17
1029,22,"Male","Abitur",5,6,3,2,7,7,5,4,3,4,4,3,2,2,5,3,10,2,-12
1030,24,"Female","Abitur",6,4,3,3,5,3,2,3,1,4,2,1,5,5,2,3,12,12,5
1031,29,"Female","Abitur",5,2,4,2,7,3,3,3,1,4,4,2,2,2,3,1,2,19,9
1032,21,"Female","Abitur",6,6,6,1,7,2,1,3,2,2,2,1,3,5,1,1,3,11,-2
1035,22,"Male","Abitur",5,5,3,1,5,4,3,3,3,6,2,1,3,3,2,3,17,16,1
1036,21,"Female","Abitur",4,6,5,1,6,5,2,5,4,4,3,2,4,3,2,3,4,-9,-5
1037,25,"Female","Abitur",5,5,3,2,6,5,4,6,1,3,3,2,3,2,1,1,1,-16,-17
1038,24,"Male","Abitur",7,7,7,4,5,3,3,3,4,3,5,2,6,1,1,1,13,-14,-14
1039,23,"Female","Abitur",5,5,3,2,4,3,3,2,6,3,5,2,3,4,3,2,8,5,3
1040,21,"Female","Abitur",6,7,5,2,7,4,3,3,1,3,6,1,6,4,2,2,11,11,1
1041,29,"Female","Abitur",5,5,5,2,6,4,3,5,2,3,3,1,3,1,3,3,4,22,8
1043,23,"Male","Abitur",7,7,7,1,7,1,1,1,2,2,1,1,7,6,1,1,19,23,7
1044,31,"Female","Abitur",6,6,4,4,4,2,4,3,2,3,3,2,5,5,2,2,4,-11,-10
1045,32,"Male","Abitur",7,7,6,1,7,5,1,1,1,1,3,1,2,4,1,1,20,11,0
1048,23,"Male","Abitur",6,7,5,2,7,1,2,2,2,5,3,2,6,5,1,1,17,3,-2
1049,22,"Female","Abitur",6,6,7,1,7,2,2,6,3,2,5,1,6,5,2,5,13,20,11
1050,27,"Male","Abitur",5,5,5,4,5,4,4,4,6,5,3,3,4,4,3,3,8,2,-9
1051,25,"Male","Abitur",6,4,5,4,7,4,3,3,4,5,4,4,4,4,3,3,8,3,-10
1055,23,"Male","Abitur",6,6,5,2,7,4,2,2,2,3,3,2,5,5,1,2,10,12,-1
1056,29,"Female","Abitur",7,6,4,1,6,4,3,1,3,1,2,1,2,3,2,1,10,21,3
1057,19,"Female","Abitur",4,4,3,2,6,4,4,4,3,3,3,4,3,3,2,2,11,4,-2
1058,21,"Female","Abitur",6,6,5,2,6,5,2,3,2,5,3,1,4,3,2,2,6,10,1
1060,20,"Female","Abitur",5,4,4,2,7,2,2,3,2,5,3,2,4,1,1,2,7,-5,-4
1061,21,"Female","Abitur",7,1,7,2,6,2,1,3,1,2,2,1,7,3,1,3,14,5,8
1062,25,"Male","Abitur",5,6,5,2,5,4,2,3,2,3,5,2,5,1,6,5,8,7,12
1063,24,"Female","Abitur",6,5,3,2,6,6,2,2,4,2,1,1,5,2,1,1,7,5,-1
1064,25,"Female","Abitur",7,3,2,5,6,6,4,3,4,4,6,5,6,3,6,7,11,-8,1
1066,21,"Female","Abitur",6,4,5,3,5,3,3,6,4,3,6,2,3,3,1,2,15,26,3
1067,28,"Female","Abitur",5,4,2,4,2,1,1,4,1,1,1,1,3,2,2,3,6,-1,-1
1068,22,"Male","Abitur",6,5,3,3,6,5,4,2,2,5,3,4,5,4,3,2,13,-6,-3
1069,34,"Male","Abitur",6,5,4,2,5,4,2,2,1,1,1,1,5,4,1,1,13,18,6
1071,26,"Male","Abitur",5,6,5,2,7,4,3,2,3,4,2,4,4,4,2,2,11,15,4
1072,19,"Male","Abitur",7,4,4,2,5,2,3,3,2,2,2,4,4,3,2,2,14,5,18
1073,21,"Male","Abitur",5,7,4,2,6,5,1,1,2,4,1,2,5,7,1,1,8,-19,4
1074,20,"Female","Abitur",5,6,4,1,7,3,1,5,1,3,4,5,3,1,1,1,17,15,9
1076,23,"Male","Abitur",1,3,3,2,6,7,4,7,6,7,5,5,3,2,3,3,2,2,-3
1079,21,"Male","Abitur",3,6,5,2,5,4,3,2,4,2,2,4,5,4,2,4,12,16,2
1080,25,"Female","Abitur",7,7,5,1,5,2,1,1,1,2,1,1,6,3,1,1,12,43,13
1081,21,"Female","Abitur",5,4,5,2,7,6,3,3,2,2,2,2,5,4,1,2,14,7,-9
1082,21,"Female","Abitur",6,4,4,3,6,2,2,5,4,2,3,3,5,3,2,4,4,-13,-13
1083,21,"Female","Abitur",6,4,3,3,5,5,4,5,3,3,3,3,4,3,3,3,10,-7,-7
1085,22,"Male","Abitur",6,4,4,2,6,5,2,4,3,2,4,5,4,2,5,3,8,13,-6
1086,33,"Female","Abitur",3,1,5,3,6,6,5,4,1,5,3,2,1,1,1,6,6,17,14
1087,19,"Female","Abitur",6,5,3,2,6,7,3,4,5,3,6,5,5,2,3,3,1,5,-4
1091,23,"Female","Abitur",4,1,3,5,1,4,7,7,5,7,5,7,1,1,1,2,7,14,11
1092,25,"Female","Abitur",5,6,4,2,6,4,3,2,2,5,2,2,1,4,2,3,1,-14,-19
1094,24,"Male","Abitur",6,4,4,1,5,2,2,3,1,2,3,3,3,2,1,2,17,20,14
1097,26,"Female","Abitur",6,6,5,1,7,4,2,2,1,2,1,1,6,6,3,3,14,32,11
1098,29,"Female","Abitur",6,4,6,3,6,3,4,5,4,5,5,5,3,3,2,2,10,-12,2
1099,24,"Female","Abitur",6,6,3,1,7,3,2,4,1,3,3,2,5,4,1,2,5,7,6
1100,27,"Female","Abitur",6,7,6,1,6,3,2,3,2,2,2,2,4,3,2,2,9,24,9
1101,27,"Female","Abitur",5,6,6,2,5,2,2,2,1,2,3,1,4,3,3,3,5,11,2
1103,23,"Male","Abitur",6,6,5,2,6,4,2,2,2,2,2,2,5,5,1,1,8,1,11
1108,26,"Female","Abitur",6,6,5,2,5,2,1,2,1,1,1,1,4,1,2,3,10,20,8
1110,25,"Female","Abitur",4,4,4,3,3,4,3,3,3,3,3,3,4,3,2,2,3,5,8
1111,30,"Female","Abitur",7,4,6,2,5,3,2,2,4,1,1,1,6,5,2,2,18,24,6
1113,25,"Male","Lower secondary",6,5,4,2,3,6,4,3,1,2,2,3,6,4,1,2,12,-14,-6
1114,25,"Female","Abitur",7,6,6,2,2,2,1,2,3,2,1,1,7,7,2,1,8,-6,-1
1115,24,"Male","Abitur",6,6,5,1,7,3,3,2,1,4,1,4,5,5,1,3,6,4,-4
1116,25,"Male","Abitur",7,7,6,1,7,2,2,2,2,3,1,2,5,7,3,3,13,27,6
1119,23,"Female","Abitur",4,4,5,2,5,2,3,3,2,4,3,2,4,4,3,3,8,9,1
1120,20,"Female","Abitur",2,2,4,4,5,4,5,6,6,6,6,5,2,1,3,3,6,-2,0
1122,20,"Male","Abitur",5,3,2,4,5,6,4,3,2,2,4,1,3,2,2,2,3,-15,-6
1123,25,"Female","Abitur",6,5,4,3,7,4,2,2,2,2,2,2,4,4,4,5,9,21,9
1124,20,"Female","Abitur",6,4,3,1,5,5,3,1,2,3,2,1,2,1,2,1,13,22,5
1125,20,"Female","Abitur",6,5,5,2,7,3,2,5,4,3,3,2,3,3,4,3,6,14,-2
1127,23,"Male","Abitur",5,5,5,2,7,2,3,4,2,3,3,5,3,3,1,2,13,11,13
1129,NA,"Female","Abitur",3,5,4,2,4,2,3,3,3,4,3,2,5,4,2,3,15,4,-3
1131,22,"Female","Other",5,4,4,4,6,5,3,4,3,5,4,3,3,3,5,7,12,8,1
1132,25,"Female","Abitur",6,3,4,1,6,5,6,5,1,2,2,2,4,3,2,2,4,2,-6
1133,26,"Female","Abitur",6,6,4,1,6,4,3,3,2,1,2,2,5,4,1,2,10,9,3
1134,31,"Female","Abitur",5,5,5,2,5,4,2,2,2,3,2,2,5,4,1,1,4,0,-11
1135,19,"Male","Abitur",6,5,4,2,6,3,2,1,3,4,3,2,6,5,1,1,5,-7,-7
1136,29,"Female","Abitur",5,3,3,3,5,6,5,3,5,5,6,3,3,3,6,4,4,-5,-15
1138,27,"Male","Abitur",6,5,5,2,5,3,2,2,2,2,3,2,5,4,2,2,13,11,11
1139,24,"Male","Abitur",6,5,6,2,6,5,3,3,2,3,2,1,5,5,1,3,3,-17,-18
1141,20,"Male","Abitur",6,5,6,3,7,4,3,4,5,6,2,5,3,5,1,1,14,2,-18
1142,22,"Female","Abitur",5,3,3,5,5,6,5,6,5,5,5,3,3,2,4,5,1,-5,-11
1144,22,"Female","Abitur",4,5,4,3,6,2,3,5,4,6,6,2,2,2,2,3,8,17,8
1145,25,"Female","Abitur",6,6,6,3,7,3,2,2,5,3,5,2,6,6,2,2,1,-1,-10
1146,25,"Female","Abitur",7,7,6,1,1,4,4,2,1,2,2,1,4,4,1,1,3,-3,7
1147,25,"Female","Abitur",6,5,6,2,7,1,1,2,1,2,1,1,3,3,2,1,5,4,3
1148,28,"Male","Abitur",6,6,2,5,6,4,4,7,4,2,5,5,3,4,1,1,6,11,-2
1149,29,"Female","Abitur",6,5,5,2,7,4,2,3,3,3,2,4,5,4,2,2,19,12,7
1152,23,"Female","Abitur",6,7,6,1,7,3,2,3,1,3,2,1,3,3,1,1,12,25,17
1153,22,"Female","Abitur",7,7,6,7,7,4,1,3,2,1,2,1,5,4,1,1,8,5,4
1154,21,"Female","Abitur",5,5,4,2,6,5,3,2,3,4,3,3,4,3,2,2,8,2,-3
1156,20,"Female","Abitur",6,7,5,2,6,3,2,3,1,2,2,2,5,5,2,3,10,14,-8
1157,22,"Male","Abitur",7,5,4,2,5,3,2,2,1,3,3,1,3,5,1,2,9,8,2
1158,28,"Female","Abitur",5,5,6,1,5,2,1,3,1,3,2,1,2,2,1,2,7,-2,-6
1159,21,"Female","Abitur",6,4,4,3,5,4,3,2,3,2,4,3,3,2,4,4,14,24,5
1160,22,"Female","Abitur",6,4,5,2,5,2,2,2,1,3,4,4,5,4,2,4,16,19,9
1161,21,"Male","Abitur",7,7,6,1,7,2,1,1,1,1,1,1,7,7,1,1,22,20,0
1162,19,"Male","Abitur",6,7,6,2,6,2,4,6,1,2,5,4,7,7,1,1,13,-19,-5
1163,31,"Male","Abitur",6,5,6,2,7,1,1,6,4,1,1,1,5,5,2,4,5,-15,-6
1166,26,"Male","Abitur",7,6,6,1,7,4,2,1,4,2,2,1,6,6,2,2,13,22,-1
1167,24,"Female","Abitur",5,5,5,2,6,4,2,2,2,4,1,1,4,3,3,2,10,2,1
1168,25,"Female","Abitur",4,7,5,1,5,7,2,2,2,1,2,1,3,4,1,2,13,-6,0
1169,28,"Male","Abitur",6,6,4,3,7,5,2,3,1,3,2,2,5,5,1,2,11,16,-4
1170,21,"Female","Abitur",7,4,3,4,6,2,3,4,2,2,4,2,5,4,1,2,8,-5,8
1171,26,"Female","Abitur",7,4,5,1,5,2,2,2,1,2,1,1,4,3,1,4,20,29,15
1172,27,"Male","Abitur",6,6,7,1,7,4,2,1,6,1,1,3,5,5,2,2,4,-13,-14
1173,23,"Female","Abitur",6,5,2,2,5,1,2,4,3,2,3,1,2,3,2,1,11,15,4
1174,20,"Female","Abitur",5,6,5,3,6,1,2,3,2,3,1,1,6,4,1,1,7,-6,0
1176,26,"Male","Abitur",7,6,4,2,6,3,2,5,3,5,4,2,4,2,5,5,18,15,1
1177,23,"Female","Abitur",6,5,5,2,7,4,1,3,4,1,1,1,3,2,2,3,13,40,18
1179,27,"Male","Other",6,7,5,4,6,3,2,2,5,2,1,3,4,6,2,1,18,13,1
1180,20,"Female","Abitur",7,4,5,2,6,2,5,3,2,2,3,2,4,5,2,4,14,12,4
1183,31,"Female","Abitur",7,5,5,2,7,2,2,2,2,5,3,2,5,5,2,2,11,17,13
1184,20,"Female","Abitur",7,6,6,1,7,2,2,1,4,1,1,2,7,7,1,1,10,29,12
1185,28,"Male","Abitur",7,5,4,1,3,6,5,7,2,5,6,6,2,2,2,5,12,2,1
1186,24,"Male","Abitur",7,5,4,1,6,2,2,3,2,2,3,1,2,3,1,2,9,0,-6
1188,25,"Female","Abitur",7,6,5,2,7,4,2,3,1,3,5,2,4,3,2,3,10,17,10
1189,22,"Male","Secondary",6,4,5,2,5,4,2,1,1,2,1,3,3,4,2,1,19,42,21
1190,21,"Female","Abitur",6,6,5,6,5,5,2,4,3,4,3,2,4,4,3,3,12,12,-1
1193,40,"Male","Abitur",6,4,5,2,6,2,2,2,2,2,3,3,5,4,2,3,11,0,-3
1194,23,"Female","Abitur",5,4,6,2,7,2,3,4,5,4,3,2,5,4,3,2,8,15,12
1195,20,"Female","Abitur",7,7,6,2,7,4,1,2,1,3,1,1,7,6,3,2,13,29,8
1196,19,"Female","Abitur",6,6,6,2,7,4,2,2,6,3,2,3,4,2,2,2,13,-5,6
1197,23,"Female","Abitur",5,4,5,2,7,6,4,5,2,2,4,5,5,2,1,5,7,15,-3
1198,29,"Male","Abitur",6,2,7,1,6,7,3,4,2,4,2,2,4,3,1,1,4,-26,-20
1199,23,"Male","Abitur",6,6,4,4,6,7,3,3,3,3,2,2,4,4,2,2,20,14,4
1200,23,"Female","Abitur",7,6,5,1,5,4,1,3,1,2,3,1,2,2,1,1,9,20,9
1203,36,"Female","Abitur",5,4,2,6,2,7,6,5,3,5,5,1,2,2,4,6,20,31,10
1204,25,"Male","Abitur",6,5,3,5,6,6,6,3,5,6,5,5,5,2,2,2,5,-7,-14
1205,27,"Female","Abitur",1,2,2,4,5,7,5,7,5,2,3,1,1,1,2,3,7,-13,0
1207,23,"Male","Abitur",6,3,4,2,6,5,4,4,3,5,3,3,4,2,2,2,9,12,-1
1208,26,"Female","Abitur",7,6,5,1,7,4,2,6,2,2,2,1,7,4,2,2,22,28,17
1210,21,"Female","Abitur",4,5,5,3,6,4,3,3,2,5,3,3,5,5,2,2,3,5,-6
1211,27,"Female","Abitur",6,5,5,2,7,4,3,2,2,4,2,1,4,4,1,2,10,11,-2
1212,27,"Male","Abitur",4,5,5,3,5,3,4,3,3,6,3,3,4,3,2,2,6,-6,-13
1213,25,"Female","Abitur",5,5,5,3,5,4,6,4,5,6,3,4,4,3,3,2,8,-7,-5
1214,25,"Male","Abitur",6,6,4,1,6,4,1,1,1,1,1,1,5,3,2,2,19,19,4
1216,19,"Male","Abitur",6,6,5,1,7,4,1,2,1,3,1,2,5,5,1,1,14,19,0
1217,23,"Female","Abitur",6,4,3,1,7,2,2,1,1,2,1,1,6,5,3,2,9,28,11
1218,28,"Female","Abitur",6,5,3,2,5,6,3,4,4,5,2,3,4,4,4,3,9,0,2
1219,22,"Male","Abitur",6,5,4,6,7,2,4,4,2,6,3,2,1,1,1,1,6,-9,-20
1220,26,"Female","Abitur",6,5,5,1,5,4,2,2,1,2,1,1,3,6,1,2,18,43,17
1221,20,"Female","Abitur",3,2,3,2,5,5,4,5,1,5,1,2,3,4,3,3,4,13,-15
1224,24,"Female","Abitur",6,6,5,1,7,5,2,2,3,5,1,2,5,5,4,3,6,18,1
1225,31,"Female","Abitur",7,6,6,2,5,2,2,2,3,2,3,1,6,6,1,2,7,-4,-1
1226,22,"Male","Abitur",3,5,6,3,6,2,3,4,3,4,5,4,3,4,2,2,6,12,-6
1227,21,"Female","Abitur",6,4,4,1,7,3,1,2,2,4,2,1,5,5,3,2,11,2,-5
1228,23,"Female","Abitur",6,5,4,2,5,3,2,6,4,2,3,3,5,3,3,3,14,7,0
1230,19,"Female","Abitur",5,6,6,1,6,2,2,2,2,1,1,1,5,3,2,2,9,7,3
1232,26,"Female","Secondary",5,4,4,4,3,2,3,2,1,3,4,4,3,3,2,2,6,-15,-12
1234,27,"Female","Abitur",4,4,5,3,5,4,3,3,2,3,5,2,2,2,2,3,4,8,-1
1236,22,"Female","Secondary",7,4,6,6,7,3,2,2,1,1,1,1,6,6,7,1,12,10,-4
1237,24,"Female","Abitur",5,5,2,3,5,4,3,6,5,2,4,2,3,4,2,2,21,22,14
1238,21,"Female","Other",7,7,6,6,7,3,1,2,2,3,1,6,6,3,3,1,10,16,7
1239,19,"Male","Abitur",4,4,3,3,6,3,4,3,2,4,5,2,3,2,3,5,5,5,5
1240,23,"Male","Abitur",6,5,5,2,7,2,2,3,1,4,1,2,3,3,1,1,15,24,0
1241,27,"Male","Abitur",7,7,7,1,7,7,2,3,1,1,1,1,1,7,7,7,3,-17,-21
1242,24,"Male","Abitur",3,3,2,2,5,5,2,5,2,2,3,2,3,2,2,2,4,-18,-17
1243,24,"Male","Abitur",4,5,2,6,6,4,3,4,1,3,2,3,4,6,2,3,11,5,3
1245,28,"Female","Abitur",6,5,5,1,7,2,3,5,1,4,1,1,4,4,1,1,7,21,2
1246,20,"Male","Abitur",5,6,3,2,7,4,2,2,1,2,1,3,6,6,1,2,13,19,-5
1249,25,"Male","Abitur",5,7,7,1,7,1,1,1,2,2,1,1,6,6,4,7,10,-8,4
1250,20,"Female","Abitur",6,6,7,1,7,7,2,2,1,3,2,1,5,5,1,3,7,-5,0
1251,25,"Male","Abitur",7,3,4,1,6,4,5,2,1,3,3,2,3,4,4,3,16,14,-7
1252,20,"Female","Abitur",5,2,2,4,2,6,4,6,2,2,3,1,3,1,7,7,5,-4,-7
1256,24,"Male","Abitur",5,6,2,5,6,7,3,5,3,5,3,7,2,4,1,3,3,-13,-11
1257,23,"Female","Abitur",6,5,5,2,7,2,1,2,1,1,2,2,6,4,3,3,6,9,7
1258,29,"Female","Abitur",5,7,7,1,7,2,6,2,2,2,2,1,5,4,1,1,3,-7,-2
1260,25,"Female","Abitur",5,3,2,4,4,4,5,4,4,4,3,4,3,4,3,3,6,6,5
1261,25,"Female","Abitur",6,4,3,2,5,5,4,3,2,5,5,3,2,3,3,3,11,4,0
1264,28,"Female","Abitur",6,7,6,2,6,4,3,3,2,1,2,3,5,5,3,1,15,5,1
1265,33,"Male","Abitur",7,7,6,2,7,2,2,2,2,2,3,2,3,2,1,1,9,11,8
1266,32,"Male","Abitur",5,4,3,5,2,6,6,2,6,4,6,5,4,3,6,6,7,18,-3
1267,23,"Female","Abitur",6,4,2,3,7,3,2,6,5,3,2,4,1,1,2,3,14,23,7
1268,22,"Female","Abitur",6,4,1,4,6,5,4,4,2,4,2,1,3,3,1,2,13,16,1
1269,19,"Female","Abitur",6,6,5,1,7,3,1,2,1,4,2,1,7,6,1,2,12,29,16
1270,27,"Female","Abitur",5,5,2,1,5,3,3,2,1,3,2,2,3,3,4,5,0,-6,-17
1273,22,"Female","Abitur",5,5,4,1,7,4,2,4,1,5,5,1,1,2,1,2,5,-1,6
1274,20,"Male","Abitur",6,6,4,6,7,3,2,2,1,1,2,1,3,4,1,2,4,0,7
1275,29,"Female","Abitur",6,4,3,2,5,4,3,4,1,2,1,5,4,4,3,3,23,38,9
1276,27,"Female","Abitur",5,4,3,5,6,4,4,5,2,3,2,2,4,3,2,2,6,4,6
1277,25,"Male","Abitur",5,3,3,3,6,5,3,4,3,3,2,3,3,3,3,3,17,17,-1
1279,29,"Female","Other",3,2,3,5,6,4,5,5,2,3,3,5,2,2,4,4,14,17,-9
1280,21,"Female","Abitur",4,3,5,4,6,6,5,2,3,4,2,1,4,3,5,6,5,-18,-1
1281,32,"Male","Abitur",5,5,2,2,5,4,2,4,1,5,3,4,4,4,2,2,2,-16,-7
1284,26,"Male","Abitur",6,5,5,2,6,3,3,2,2,3,1,2,5,2,2,3,8,-17,-9
1285,23,"Male","Abitur",7,6,4,1,6,5,2,2,3,4,3,1,3,5,3,3,10,2,-5
1286,24,"Male","Abitur",6,5,4,2,6,6,2,3,5,3,4,2,4,5,1,1,9,-13,-19
1287,20,"Female","Abitur",5,5,3,2,5,3,2,2,1,2,2,4,3,4,4,1,15,19,5
1288,31,"Female","Abitur",5,5,6,2,6,4,5,2,3,3,2,1,3,2,2,2,2,1,6
1289,25,"Female","Abitur",5,5,4,1,7,4,2,3,2,4,3,2,5,4,2,3,8,-6,-11
1290,22,"Female","Abitur",7,6,6,1,1,1,1,1,1,4,2,2,6,5,2,2,9,15,1
1292,30,"Female","Abitur",6,5,3,3,5,4,3,2,1,2,3,1,3,2,2,2,11,9,12
1293,24,"Female","Abitur",7,6,5,1,7,6,2,5,3,6,3,1,4,4,1,1,3,-2,-2
1294,25,"Female","Abitur",6,5,6,3,7,5,3,4,3,6,4,3,6,5,4,3,5,-2,2
1295,24,"Female","Abitur",6,5,6,1,6,2,2,3,2,2,4,2,5,5,1,2,12,20,15
1296,28,"Female","Abitur",6,5,5,2,7,2,3,4,2,3,4,1,4,2,1,1,10,3,4
1297,23,"Male","Abitur",6,6,7,2,6,3,2,6,7,2,7,2,3,4,5,2,4,-8,-1
1298,25,"Female","Abitur",6,4,4,1,5,5,3,4,3,3,3,3,4,5,1,1,1,-6,-3
1299,26,"Female","Abitur",3,3,3,4,3,5,3,5,3,6,4,5,5,3,5,5,3,-1,-8
1300,23,"Female","Abitur",6,5,7,2,6,4,3,3,4,2,3,3,6,3,5,3,8,16,1
1301,25,"Female","Abitur",5,3,3,2,5,6,5,2,1,5,1,4,2,2,1,1,11,-10,-3
1302,30,"Female","Abitur",6,6,3,5,6,4,6,2,2,3,1,2,6,5,1,1,6,-17,-5
1303,36,"Female","Abitur",6,4,2,3,6,3,3,3,2,3,2,2,5,4,2,3,5,6,1
1304,25,"Female","Abitur",7,7,7,1,6,4,2,3,2,3,1,2,6,6,1,4,10,-2,-1
1305,27,"Female","Abitur",7,6,4,2,7,4,1,6,1,2,2,2,6,4,3,4,3,9,-7
1307,23,"Female","Abitur",6,6,4,1,6,3,2,1,1,2,1,1,5,5,1,1,11,17,-6
1308,20,"Female","Abitur",6,5,5,2,7,3,3,4,3,1,2,2,3,2,2,3,15,16,5
1309,24,"Male","Abitur",6,5,4,1,5,2,1,3,3,1,1,2,4,5,2,1,11,4,12
1310,24,"Female","Abitur",5,6,4,2,5,7,2,3,1,4,2,1,4,4,3,3,17,1,-5
1312,25,"Female","Abitur",7,7,4,2,6,4,3,3,1,5,3,2,5,4,1,1,6,6,-3
1314,24,"Female","Abitur",6,4,4,5,6,2,4,5,2,4,4,2,5,3,2,1,16,3,4
1315,27,"Female","Abitur",6,3,3,2,3,5,1,3,1,5,1,2,2,1,7,7,12,33,8
1316,25,"Male","Abitur",5,4,3,5,6,5,2,5,1,3,3,5,3,4,1,1,4,5,-4
1317,37,"Female","Abitur",7,4,2,6,2,2,5,5,1,2,5,2,2,2,2,2,16,29,11
1318,22,"Male","Abitur",5,1,1,3,1,7,7,7,7,7,7,7,1,1,7,7,18,21,-6
1319,21,"Female","Abitur",6,5,4,5,5,4,3,5,4,5,4,3,4,3,2,2,3,17,11
1320,29,"Female","Abitur",6,3,6,1,6,4,2,2,3,7,3,1,5,4,1,1,19,22,6
1321,22,"Female","Abitur",6,6,4,1,5,4,2,2,1,1,4,2,2,2,1,1,6,0,10
1322,25,"Female","Abitur",3,2,3,6,2,4,5,6,4,4,3,4,6,6,5,4,2,-17,-8
1324,22,"Female","Abitur",6,6,5,1,7,4,2,1,2,2,2,1,7,5,1,2,9,5,-1
1325,23,"Female","Abitur",4,5,6,1,7,4,4,6,5,5,1,5,1,1,4,2,9,-11,9
1326,19,"Female","Abitur",6,5,3,4,5,3,4,2,1,3,2,4,5,4,3,3,11,15,-8
1327,32,"Male","Abitur",3,2,3,3,4,3,3,4,4,5,3,3,2,1,6,5,3,7,-2
1328,25,"Male","Abitur",5,6,3,3,5,3,2,6,1,4,2,3,3,4,2,1,12,18,-5
1329,23,"Female","Abitur",5,5,6,3,6,3,3,3,3,5,3,4,5,5,4,4,11,6,5
1330,29,"Male","Abitur",6,4,5,2,7,2,3,3,3,4,2,3,4,3,4,3,14,26,10
1331,31,"Male","Abitur",7,7,3,1,6,4,1,1,3,4,1,4,5,4,1,1,9,15,0
1334,26,"Male","Abitur",6,5,4,4,5,7,2,5,1,2,1,3,4,3,2,3,12,7,-15
1335,21,"Male","Abitur",5,5,5,1,7,5,3,6,4,3,4,3,5,4,5,3,7,-4,-2
1336,21,"Female","Abitur",6,5,2,4,6,4,2,6,5,5,4,2,4,6,3,3,1,-6,-10
1337,24,"Male","Abitur",5,3,4,3,6,6,3,4,2,3,3,4,2,2,4,5,6,-1,-6
1339,24,"Male","Abitur",6,7,7,1,7,1,1,1,2,1,1,1,6,7,1,2,15,11,13
1340,20,"Female","Abitur",4,3,5,2,7,3,3,4,1,3,5,2,4,3,1,1,5,-6,-7
1341,27,"Female","Abitur",7,7,6,1,7,1,7,2,1,1,1,2,5,3,5,3,12,29,0
1342,26,"Female","Abitur",5,6,5,1,6,4,3,3,1,3,2,2,3,1,3,3,8,12,9
1343,26,"Male","Abitur",6,6,5,2,6,4,2,3,3,3,2,3,5,4,1,1,20,7,-4
1344,26,"Male","Abitur",6,5,5,4,5,6,4,5,1,2,2,2,6,3,1,1,9,-10,-8
1345,25,"Male","Abitur",3,3,5,3,4,4,5,3,2,5,2,4,3,2,3,5,9,6,-3
1346,21,"Female","Abitur",6,7,6,1,6,3,1,1,1,1,1,1,4,3,1,2,14,22,10
1348,27,"Male","Abitur",6,6,5,3,7,3,2,4,1,4,2,3,1,3,6,3,16,17,5
1349,22,"Male","Abitur",6,4,4,1,6,4,2,4,3,3,4,3,3,3,2,2,5,-2,-2
1350,25,"Female","Abitur",5,3,3,1,7,3,2,3,3,3,3,3,3,3,3,3,3,-11,-6
1352,21,"Male","Abitur",6,3,3,3,4,2,2,2,2,2,2,2,5,3,4,2,12,5,-2
1354,25,"Female","Abitur",6,6,5,2,6,2,2,2,1,3,2,2,3,5,1,1,10,6,-5
1355,27,"Male","Abitur",6,7,5,1,7,2,1,2,1,2,3,2,3,5,1,1,9,12,1
1356,50,"Female","Abitur",7,7,6,4,6,7,1,1,1,1,1,1,7,7,1,1,20,36,11
1358,36,"Male","Abitur",6,5,3,4,5,5,3,4,3,3,3,4,4,3,2,2,12,-3,-3
1359,21,"Male","Abitur",5,6,5,2,6,3,3,4,1,5,2,2,6,4,2,2,7,2,-14
1361,21,"Female","Abitur",6,7,5,2,7,3,2,2,1,2,3,2,4,4,2,2,9,28,9
1362,21,"Female","Abitur",6,6,4,5,7,3,1,3,2,2,5,1,4,4,3,2,3,-2,4
1365,23,"Female","Abitur",6,5,5,5,6,5,5,6,3,4,3,4,4,2,5,3,5,2,2
1368,26,"Female","Abitur",6,6,5,1,7,4,1,1,4,1,1,3,6,5,4,5,19,14,14
1369,27,"Female","Abitur",5,6,6,1,6,1,2,2,2,3,1,5,4,4,1,1,0,-31,-14
1371,20,"Female","Abitur",6,5,3,2,7,3,3,4,3,3,4,2,5,4,3,4,6,10,5
1372,20,"Female","Abitur",5,4,3,3,5,6,5,5,4,4,5,5,4,2,3,3,3,0,-4
1375,28,"Male","Abitur",2,5,6,7,5,7,6,7,6,7,6,6,1,7,2,3,0,-9,-18
1376,22,"Female","Abitur",6,6,6,2,7,3,3,5,2,2,2,2,4,4,2,2,9,17,-4
1377,23,"Female","Abitur",5,4,6,5,6,7,2,3,2,3,2,2,5,4,1,2,15,22,1
1379,29,"Female","Abitur",5,6,3,2,6,2,2,2,2,2,2,2,5,4,2,1,21,13,3
1380,22,"Female","Abitur",7,5,5,2,5,4,1,1,1,3,1,1,3,5,5,2,13,6,-10
1381,24,"Male","Abitur",5,4,5,2,5,3,2,1,3,7,5,6,4,5,5,6,10,6,-9
1382,26,"Female","Abitur",7,6,5,2,7,6,3,3,2,4,2,2,6,5,2,1,5,-7,-7
1383,23,"Male","Secondary",2,3,5,3,2,2,5,4,4,5,6,5,5,5,6,6,12,-2,-10
1384,39,"Female","Abitur",6,6,6,1,6,1,1,1,1,1,1,2,6,6,2,2,17,22,13
1386,26,"Male","Abitur",6,4,4,1,7,2,2,4,3,4,2,4,2,1,1,1,1,0,-9
1387,27,"Female","Abitur",6,6,6,1,6,5,1,2,1,2,7,1,5,5,1,2,12,-10,-16
1389,30,"Female","Abitur",4,2,2,1,7,6,2,1,1,2,4,3,2,2,2,4,6,9,4
1390,25,"Female","Abitur",5,2,2,2,4,3,6,2,6,2,4,6,3,3,2,2,7,1,-2
1392,21,"Female","Abitur",5,5,3,3,3,2,2,3,2,3,3,2,3,3,1,1,10,14,2
1393,24,"Male","Abitur",7,7,6,1,7,2,1,2,2,2,2,1,7,5,1,1,9,20,15
1395,21,"Male","Abitur",4,2,2,6,2,4,7,7,6,6,7,1,2,1,5,2,17,-8,-12
1396,22,"Female","Abitur",6,6,4,3,7,2,2,2,2,3,1,2,5,2,4,3,11,28,19
1397,27,"Male","Abitur",7,6,6,2,6,3,2,2,1,2,2,1,5,6,1,1,16,20,6
1398,25,"Female","Abitur",6,6,5,2,6,4,2,3,3,3,2,2,4,4,3,2,8,16,7
1399,28,"Male","Abitur",2,2,2,3,4,6,6,6,4,6,4,6,2,2,4,3,8,-5,-10
1400,23,"Female","Abitur",5,4,4,5,6,5,5,6,3,4,5,2,3,3,6,5,11,23,2
1401,23,"Male","Abitur",6,7,5,2,5,4,2,4,3,2,4,1,4,1,2,2,8,10,1
1402,28,"Female","Abitur",5,3,2,2,6,4,4,3,1,3,3,2,5,2,2,2,10,14,2
1403,20,"Male","Abitur",6,7,4,3,6,4,2,5,2,2,5,2,6,4,1,1,14,16,0
1404,19,"Male","Abitur",2,2,2,3,3,6,6,6,5,7,6,5,2,2,5,5,2,-19,-15
1405,23,"Male","Abitur",6,5,3,6,7,4,5,4,2,3,4,6,3,3,3,5,8,9,2
1407,23,"Female","Abitur",6,5,6,1,7,4,1,1,1,4,1,1,5,3,1,3,19,21,9
1408,22,"Male","Abitur",6,5,5,2,6,5,3,3,4,5,6,3,3,5,3,2,13,14,3
1409,24,"Female","Abitur",7,6,5,1,7,4,2,1,1,4,1,1,4,4,1,3,8,18,4
1410,28,"Male","Abitur",7,7,6,1,7,3,1,1,1,1,2,1,6,4,1,1,14,21,9
1411,23,"Male","Abitur",5,4,3,2,6,5,5,7,2,7,5,5,3,5,3,6,8,-4,-14
1412,20,"Male","Abitur",6,6,6,2,7,5,2,4,3,3,3,1,6,2,2,1,3,-2,-11
1413,24,"Female","Abitur",7,2,5,2,6,2,1,1,1,1,1,1,7,7,1,1,16,-2,-4
1415,25,"Female","Abitur",5,3,4,2,5,4,2,5,4,3,2,2,4,4,1,2,9,14,-5
1416,20,"Male","Abitur",6,3,7,1,6,4,3,3,6,4,2,2,3,2,2,3,10,14,4
1417,21,"Male","Abitur",3,3,2,2,3,6,6,6,5,3,6,5,2,2,2,1,7,-6,-8
1418,28,"Female","Abitur",7,6,7,2,6,6,3,3,1,5,6,3,5,4,1,1,8,26,0
1423,20,"Female","Other",7,5,7,2,7,4,2,6,1,3,2,5,6,4,2,2,9,6,-9
1424,26,"Male","Abitur",7,6,4,2,6,4,2,3,1,2,1,1,6,6,1,1,14,-4,-13
1425,25,"Male","Abitur",6,4,5,4,3,5,4,5,3,5,4,4,4,3,5,5,7,7,-1
1426,20,"Male","Abitur",6,4,4,1,7,5,2,2,1,2,1,2,5,4,2,1,7,5,3
1427,26,"Male","Abitur",6,4,4,7,5,5,3,3,2,3,2,6,5,3,1,1,5,-12,-10
1429,22,"Female","Abitur",4,5,5,3,5,4,5,4,3,3,3,3,2,2,3,2,12,2,0
1430,27,"Male","Abitur",2,2,1,6,4,6,7,2,4,2,3,2,1,1,5,7,5,-23,-10
1431,27,"Male","Abitur",3,6,2,1,6,5,2,5,4,3,3,3,2,4,1,3,14,-6,-5
1432,21,"Female","Abitur",4,5,5,4,3,6,4,3,1,2,1,1,1,1,7,7,5,-40,-16
1433,24,"Female","Abitur",6,6,6,2,7,4,3,3,2,3,3,2,5,6,2,2,6,19,9
1434,29,"Female","Abitur",6,6,4,4,6,4,4,4,2,1,3,5,2,2,1,1,8,11,5
1435,27,"Female","Abitur",3,5,2,2,7,5,1,3,1,4,2,2,4,3,1,3,3,7,-6
1436,22,"Male","Abitur",7,7,6,4,5,5,2,2,7,2,1,1,6,6,2,2,12,4,11
1438,21,"Female","Abitur",4,6,5,2,5,5,2,2,2,2,2,2,4,3,2,1,4,-18,-6
1439,21,"Male","Abitur",1,2,4,6,4,3,5,5,6,5,4,5,2,3,4,4,8,-13,-3
1440,24,"Female","Abitur",3,3,3,5,5,3,5,5,3,5,5,5,2,2,5,6,8,13,5
1441,24,"Male","Abitur",6,6,6,2,7,4,2,2,1,2,1,1,6,5,1,1,4,-3,-5
1442,23,"Female","Abitur",6,6,6,1,7,3,1,1,1,1,2,1,5,2,3,3,11,20,16
1447,25,"Female","Abitur",5,3,4,3,5,6,4,5,4,5,4,4,3,3,7,7,12,4,-6
1448,21,"Female","Abitur",3,3,3,5,5,5,6,5,3,5,5,4,4,3,3,2,10,-5,-1
1449,24,"Female","Abitur",5,3,3,4,7,3,2,5,3,2,4,3,5,2,1,6,3,-18,-16
1450,26,"Female","Abitur",3,5,4,2,6,3,3,1,1,5,1,5,3,3,1,3,0,-24,-11
1452,26,"Male","Abitur",5,4,3,2,5,5,4,5,2,4,3,2,4,2,3,3,9,4,-12
1453,24,"Male","Abitur",6,4,3,1,4,4,4,7,4,4,1,4,4,2,2,4,12,0,-10
1455,21,"Male","Abitur",5,6,5,6,6,5,3,4,2,6,3,5,5,2,1,1,3,-7,-4
1457,30,"Female","Abitur",6,4,2,5,5,6,3,4,3,3,3,3,2,2,1,2,3,-4,-5
1458,23,"Male","Abitur",7,6,6,1,7,2,1,2,1,1,1,1,6,4,1,1,11,3,-4
1459,23,"Male","Abitur",7,3,4,2,7,5,2,2,1,3,3,2,2,1,1,1,12,12,-5
1461,29,"Female","Abitur",7,7,5,1,7,4,1,1,1,1,1,1,7,4,1,1,17,8,4
1462,26,"Male","Abitur",6,4,4,1,7,2,2,2,1,2,2,1,6,3,1,3,9,6,-3
1463,19,"Male","Abitur",4,5,5,4,6,2,3,5,5,4,5,5,4,4,1,2,6,-2,-3
1465,26,"Male","Abitur",4,5,5,4,3,6,5,6,6,5,5,4,2,6,3,2,8,0,-1
1466,29,"Female","Abitur",3,2,2,6,3,7,6,7,7,5,5,6,2,2,6,5,7,6,-7
1467,27,"Male","Abitur",7,6,5,1,7,5,2,4,2,3,3,2,5,4,1,3,15,4,-4
1469,20,"Male","Abitur",7,4,5,2,4,2,2,2,7,2,2,5,6,5,1,2,12,11,-1
1470,25,"Male","Abitur",6,6,2,1,7,4,2,3,1,2,2,1,4,4,2,2,10,-2,-10
1471,31,"Male","Abitur",6,6,5,2,3,5,2,2,2,2,3,2,6,6,2,2,7,4,-6
1472,25,"Female","Abitur",5,4,5,3,6,2,3,5,1,4,2,4,2,4,2,3,10,-12,3
1473,23,"Male","Abitur",5,2,2,1,4,3,3,5,3,2,6,1,2,1,4,3,17,27,5
1474,24,"Female","Abitur",6,6,6,2,7,3,2,3,2,3,3,4,5,5,2,2,5,9,3
1475,29,"Male","Abitur",5,5,3,2,6,4,4,3,5,3,3,3,3,4,3,2,2,0,-9
1479,26,"Male","Abitur",6,5,3,2,7,5,3,4,2,3,3,2,4,3,4,3,18,12,4
1481,29,"Male","Abitur",6,7,6,2,7,2,3,1,1,2,1,2,6,6,6,6,11,12,5
1482,25,"Male","Abitur",7,6,4,2,6,3,2,2,1,2,3,3,4,4,2,2,12,-9,-8
1483,25,"Female","Abitur",6,6,5,2,6,4,2,3,1,2,2,1,6,4,1,1,13,22,7
1484,29,"Female","Abitur",5,2,5,3,4,2,2,4,1,6,2,1,4,1,3,4,8,14,10
1485,23,"Female","Abitur",6,5,4,2,6,4,3,5,4,3,2,2,4,3,2,2,2,-30,-10
1487,24,"Male","Abitur",5,5,5,2,5,4,2,4,3,3,1,4,4,3,2,3,18,18,7
1488,31,"Male","Abitur",6,4,3,1,7,2,2,3,2,2,2,2,5,4,2,1,10,27,8
1491,24,"Female","Abitur",2,2,3,6,5,6,7,6,5,6,7,1,2,1,2,2,2,-21,-2
1492,23,"Female","Abitur",4,5,3,4,5,3,4,5,5,5,4,5,3,3,2,4,2,-20,-15
1493,26,"Female","Abitur",6,4,3,6,5,7,5,6,4,2,4,5,3,2,3,2,2,1,1
1494,24,"Female","Abitur",5,6,5,2,6,5,2,5,2,3,5,1,3,3,2,2,5,-4,-1
1495,NA,"Female","Abitur",6,7,7,1,1,2,1,2,1,1,1,1,3,2,5,5,12,10,10
1496,25,"Male","Abitur",4,5,2,1,6,2,2,4,7,2,3,1,4,3,1,2,6,16,0
1497,21,"Female","Abitur",2,2,1,6,7,6,6,7,6,7,6,5,3,1,4,4,8,0,19
1499,24,"Female","Abitur",4,5,3,4,5,4,3,4,3,3,5,3,3,2,1,1,5,-2,-3
1500,23,"Female","Abitur",7,6,5,1,7,5,2,1,1,3,1,2,6,6,1,2,11,13,-5
1501,37,"Female","Abitur",6,4,5,4,7,6,2,2,2,3,2,6,6,5,2,3,10,1,1
1502,26,"Female","Abitur",5,5,5,2,4,4,2,4,4,4,4,3,3,4,3,3,4,14,11
1504,18,"Female","Abitur",6,6,5,2,5,7,4,4,2,4,2,2,4,5,3,3,6,5,-12
1505,24,"Male","Abitur",6,6,7,1,7,2,4,5,2,2,4,2,3,4,1,1,11,18,-2
1507,23,"Female","Abitur",6,4,4,3,6,7,5,5,3,5,4,2,2,1,4,5,5,-3,-4
1508,22,"Female","Abitur",4,3,4,2,7,2,2,6,2,4,5,2,4,2,1,2,8,11,9
1509,23,"Female","Abitur",6,6,5,1,6,2,2,5,1,2,2,1,5,4,2,1,6,-7,-11
1510,24,"Male","Abitur",6,5,6,1,7,2,3,2,2,4,6,2,5,4,1,1,13,16,9
1511,32,"Female","Abitur",6,6,4,1,6,3,2,4,2,2,3,1,4,2,3,1,14,33,14
1512,22,"Female","Abitur",4,3,3,4,4,3,3,4,4,3,4,3,3,3,3,3,2,-3,-10
1513,22,"Female","Other",3,6,6,1,7,7,1,4,5,5,4,4,1,1,5,5,2,5,-1
1515,20,"Female","Abitur",7,6,7,2,5,3,3,4,2,2,2,2,4,1,2,3,12,22,20
1516,25,"Female","Abitur",6,6,4,1,7,5,2,2,1,3,1,2,5,4,1,2,11,-6,3
1518,24,"Male","Abitur",1,1,2,7,1,6,6,7,7,7,7,7,2,2,7,7,15,17,13
1519,22,"Female","Abitur",4,5,5,3,5,4,2,3,3,4,5,3,5,5,5,5,9,26,10
1521,24,"Male","Abitur",6,6,5,2,7,3,1,2,2,4,2,1,7,6,1,1,7,11,-3
1522,28,"Male","Abitur",7,5,6,1,7,4,1,2,5,1,2,1,6,1,2,2,12,7,-14
1523,31,"Male","Abitur",6,5,5,2,6,4,2,2,2,2,2,2,5,4,2,2,5,5,-9
1524,25,"Male","Abitur",6,6,5,2,6,4,3,2,2,2,2,1,4,3,2,2,16,18,0
1525,23,"Male","Abitur",6,7,5,1,5,1,2,2,1,4,2,2,5,4,2,2,14,3,-1
1527,23,"Female","Abitur",7,4,5,2,6,3,2,3,1,1,1,1,7,6,1,1,14,3,-4
1528,32,"Male","Abitur",5,4,4,2,5,4,3,4,5,3,4,3,2,3,2,4,17,10,0
1529,26,"Female","Abitur",5,4,2,5,6,4,4,7,5,6,3,5,4,2,2,2,10,5,-9
1532,NA,"Male","Abitur",5,5,4,1,1,4,1,1,1,1,1,1,2,2,1,1,11,33,5
1534,28,"Female","Abitur",6,5,4,2,6,4,3,3,3,3,3,2,4,5,1,1,9,8,7
1535,22,"Male","Abitur",6,5,1,1,7,4,1,1,1,6,1,4,4,2,2,3,4,-11,-9
1536,26,"Male","Abitur",6,7,4,3,5,4,2,4,2,3,2,2,5,5,3,2,13,8,0
1539,24,"Male","Abitur",6,6,4,2,7,5,2,4,5,3,5,1,2,1,1,5,4,10,6
1541,25,"Male","Abitur",6,6,5,2,6,5,2,4,2,3,4,3,4,3,1,1,12,13,-3
1542,24,"Female","Abitur",6,5,5,2,7,3,2,1,2,5,1,1,6,4,3,4,7,-8,-4
1544,22,"Female","Abitur",6,4,5,2,6,2,3,3,2,4,3,5,2,2,1,3,4,28,13
1545,22,"Male","Abitur",6,2,6,1,7,2,2,2,1,2,1,2,4,4,2,2,10,26,14
1546,22,"Male","Abitur",6,3,5,1,7,5,2,4,1,3,1,5,3,4,2,2,10,8,-8
1548,23,"Female","Abitur",6,5,6,7,7,4,2,3,2,7,2,2,1,3,1,1,6,-16,-15
1549,26,"Female","Abitur",6,5,5,1,6,7,4,3,2,5,4,1,5,4,2,3,14,15,7
1551,21,"Female","Abitur",5,5,4,2,5,6,4,5,5,3,4,4,4,5,2,2,4,-28,-16
1552,19,"Female","Other",7,4,5,3,7,6,4,3,4,2,2,2,7,6,2,3,16,7,-2
1553,20,"Male","Abitur",6,6,5,2,6,3,2,2,2,2,2,1,5,3,2,2,1,13,11
1554,29,"Female","Abitur",6,3,3,4,3,6,3,5,6,3,4,2,5,2,3,5,10,7,-1
1555,21,"Male","Abitur",7,7,7,1,7,2,1,1,2,1,4,1,3,1,1,2,19,14,7
1558,23,"Female","Abitur",6,4,3,6,7,2,3,4,3,4,5,3,3,3,1,4,9,18,1
1559,26,"Female","Abitur",6,5,6,3,6,5,2,4,1,2,3,2,3,3,3,4,14,4,16
1560,28,"Male","Abitur",7,5,5,2,7,3,2,3,2,2,3,1,5,6,1,2,13,13,-3
1561,24,"Male","Abitur",6,6,3,3,4,6,4,6,1,3,3,5,3,2,5,5,8,-7,-10
1562,19,"Female","Abitur",6,5,4,5,5,4,4,3,1,2,3,1,4,4,4,2,7,2,10
1563,24,"Male","Abitur",4,2,4,3,3,2,4,7,1,2,5,3,1,1,5,5,6,-6,5
1564,24,"Female","Abitur",5,5,3,3,5,3,4,6,3,5,3,3,3,5,1,1,5,3,-6
1565,20,"Female","Abitur",5,6,4,4,4,7,4,3,5,4,3,3,2,2,2,2,8,0,0
1567,25,"Male","Abitur",5,5,4,3,6,3,3,2,3,4,2,4,4,4,2,3,11,-8,-14
1568,24,"Female","Abitur",7,4,3,1,5,2,1,3,1,3,1,1,3,4,2,2,15,32,15
1571,24,"Female","Abitur",5,4,5,1,5,4,2,3,1,3,1,3,4,4,3,4,4,7,2
1572,26,"Female","Abitur",5,3,4,3,3,5,5,6,3,3,3,3,2,2,3,3,9,-15,-13
1574,27,"Female","Abitur",3,3,2,5,3,5,4,5,1,5,4,3,2,3,4,3,3,-9,-3
1575,22,"Female","Abitur",6,7,4,2,7,5,1,1,4,1,2,1,4,6,1,2,13,21,5
1576,28,"Male","Abitur",6,6,5,2,6,2,2,3,4,2,2,3,4,3,4,3,0,-3,-2
1577,27,"Male","Abitur",7,6,6,5,5,3,2,1,1,4,1,5,3,1,1,1,5,-12,-5
1580,28,"Male","Abitur",7,6,6,2,6,3,2,2,3,2,2,2,6,7,3,3,20,36,10
1582,26,"Female","Abitur",5,4,3,4,6,5,4,5,3,4,3,2,3,3,3,3,11,-7,-4
1583,20,"Female","Abitur",5,2,2,2,5,2,1,5,3,2,4,2,3,3,1,1,4,-1,-4
1584,39,"Male","Abitur",6,6,5,5,6,3,2,4,4,6,2,5,6,5,2,1,18,24,12
1585,27,"Male","Abitur",6,3,2,1,7,4,3,2,1,2,3,1,5,4,2,2,17,25,-2
1586,24,"Male","Abitur",5,5,5,2,6,4,2,2,2,2,3,2,3,3,2,2,9,-6,-8
1589,22,"Female","Abitur",7,5,6,2,7,3,2,1,4,1,1,1,7,7,1,3,21,25,17
1590,35,"Female","Abitur",3,3,3,4,6,3,3,5,3,5,4,4,2,2,2,2,3,10,11
1592,30,"Male","Abitur",6,5,6,4,6,2,2,6,3,2,2,1,6,4,3,2,20,12,2
1593,28,"Female","Abitur",7,6,6,2,6,4,2,3,3,3,3,3,5,3,3,3,13,14,-3
1594,26,"Female","Abitur",5,5,5,2,6,3,2,3,3,3,4,3,4,3,3,5,13,13,6
1596,25,"Female","Abitur",5,4,4,5,3,3,5,6,6,6,6,4,3,3,2,3,6,-6,-18
1598,23,"Female","Abitur",6,6,5,3,6,3,3,3,1,3,1,4,4,6,1,3,3,-4,-3
1599,24,"Male","Abitur",6,5,4,3,5,5,3,5,3,5,3,2,6,3,3,3,6,5,-2
1600,33,"Female","Abitur",7,6,5,1,7,1,2,2,1,1,1,1,5,5,1,1,17,35,14
1601,22,"Female","Abitur",6,6,6,2,6,4,5,4,4,4,3,4,4,4,1,3,4,-6,-3
1605,23,"Female","Abitur",3,4,6,1,4,3,2,4,2,2,2,1,4,3,3,2,12,4,6
1606,24,"Female","Abitur",6,6,6,3,7,3,2,2,1,1,2,1,5,4,2,2,8,33,18
1611,23,"Female","Abitur",6,6,6,2,7,4,2,3,2,2,2,1,4,4,2,2,16,5,3
1612,27,"Male","Abitur",6,4,2,4,6,4,4,5,5,3,3,5,3,4,2,2,17,6,7
1613,25,"Female","Abitur",7,6,6,1,6,3,2,5,2,6,6,5,3,1,1,3,5,13,11
1614,25,"Female","Abitur",6,6,5,2,6,5,5,5,6,6,5,6,5,4,2,4,4,-8,-12
1616,22,"Female","Abitur",6,5,4,3,6,5,3,4,4,3,3,2,4,1,3,4,8,11,3
1617,21,"Female","Abitur",5,6,5,1,7,5,3,4,2,2,2,2,4,3,2,3,6,0,0
1618,23,"Male","Abitur",6,3,4,3,6,4,2,2,4,2,3,3,2,4,1,2,4,0,4
1620,24,"Female","Abitur",3,3,2,1,6,2,5,4,5,5,5,3,2,2,2,2,1,-12,-13
1621,24,"Female","Abitur",6,6,4,2,6,2,2,3,1,5,4,1,3,2,2,2,16,24,6
1623,31,"Female","Abitur",5,3,5,6,3,2,4,4,3,5,2,3,6,6,7,4,15,21,2
1624,26,"Female","Abitur",3,4,3,4,6,3,5,3,4,3,6,4,3,5,4,3,12,7,-2
1626,22,"Female","Abitur",6,5,5,3,7,3,3,3,5,5,2,3,4,2,3,3,8,-9,-9
1627,22,"Female","Abitur",4,3,3,4,6,4,3,7,5,5,6,4,1,1,3,6,7,15,6
1628,19,"Female","Abitur",5,3,6,2,5,4,3,6,2,2,7,1,3,3,4,6,8,-4,-5
1630,27,"Female","Abitur",6,7,6,1,7,2,1,1,1,7,1,1,7,7,2,2,19,21,16
1631,29,"Female","Abitur",6,5,4,1,6,5,1,2,1,2,1,1,5,6,1,1,9,1,-4
1633,20,"Female","Abitur",5,6,6,1,7,5,4,3,3,5,2,3,3,2,2,2,5,-13,-5
1634,25,"Male","Abitur",6,6,6,3,5,4,2,4,4,3,2,2,5,3,4,5,12,15,7
1635,23,"Female","Abitur",4,3,3,4,5,3,3,3,2,3,3,5,2,3,2,2,5,4,-3
1636,28,"Female","Abitur",6,6,5,2,5,2,3,3,1,1,1,1,5,2,2,2,14,13,7
1638,23,"Male","Abitur",5,4,5,1,6,4,3,4,2,4,3,3,4,3,2,2,11,13,3
1639,25,"Female","Abitur",5,6,4,3,6,3,3,3,3,3,3,1,4,5,2,5,8,-11,-11
1640,25,"Female","Abitur",6,4,3,1,7,4,1,3,1,1,1,1,4,4,1,4,9,35,5
1641,24,"Male","Abitur",7,6,4,2,7,4,2,3,1,3,2,2,3,3,1,1,15,16,3
1644,25,"Female","Abitur",6,4,2,2,5,4,2,6,4,4,1,1,5,5,1,1,15,21,8
1647,24,"Male","Abitur",5,3,4,2,6,6,3,6,4,5,5,3,2,3,5,6,11,3,0
1648,22,"Male","Abitur",6,7,5,2,7,4,1,2,1,1,2,1,5,4,3,2,12,28,9
1649,36,"Female","Abitur",6,5,5,2,6,4,3,3,1,2,2,2,4,4,1,1,2,-4,1
1650,26,"Female","Abitur",5,4,3,2,6,3,4,5,7,3,2,1,2,1,1,1,3,-11,3
1651,25,"Female","Abitur",6,5,4,3,6,4,5,4,1,3,3,4,3,4,1,2,10,3,-5
1654,21,"Female","Abitur",3,5,4,3,5,3,3,6,3,3,3,3,4,4,5,6,9,8,2
1656,19,"Male","Abitur",7,7,6,1,7,6,2,1,2,5,2,5,7,6,1,4,9,-1,-5
1657,18,"Male","Abitur",6,2,2,3,5,7,5,6,2,5,2,3,4,2,2,1,11,-3,-9
1658,26,"Female","Abitur",5,5,4,5,6,4,3,4,1,2,2,1,3,2,1,2,4,-15,-11
1660,30,"Female","Abitur",5,7,5,2,7,2,3,2,2,6,2,2,6,4,1,2,3,-3,-5
1661,25,"Female","Abitur",6,5,4,4,5,6,4,5,2,6,2,2,4,3,2,2,9,12,-1
1662,22,"Female","Abitur",4,3,3,4,5,3,5,4,4,4,4,3,3,3,3,4,7,-12,-7
1665,24,"Female","Abitur",5,6,6,1,6,1,1,5,4,5,2,2,5,5,3,4,11,15,6
1667,28,"Female","Abitur",6,2,5,1,5,2,2,6,1,5,6,1,7,2,5,7,15,9,3
1668,24,"Female","Abitur",7,7,6,6,7,5,6,2,2,2,2,1,5,4,1,3,9,5,2
1671,27,"Male","Abitur",6,6,5,1,5,2,2,6,5,6,3,1,5,3,1,1,2,-10,-6
1672,22,"Female","Abitur",6,5,4,4,7,5,4,4,2,2,3,2,2,4,5,5,12,10,1
1673,25,"Female","Abitur",2,1,4,3,5,2,3,3,2,6,4,3,2,1,4,4,9,1,2
1674,27,"Female","Abitur",6,6,5,2,6,2,2,3,3,3,1,2,5,4,1,2,4,-14,-7
1677,21,"Female","Abitur",6,6,5,2,7,4,2,3,2,3,2,2,3,2,2,3,9,25,9
1678,21,"Female","Abitur",5,5,6,2,5,2,3,5,2,2,3,1,3,3,1,1,11,14,-3
1679,26,"Female","Abitur",6,5,4,3,4,3,3,4,4,5,3,3,4,3,2,2,7,-2,3
1680,24,"Female","Abitur",5,5,4,2,6,4,1,1,2,2,1,2,5,5,2,1,3,13,-4
1681,32,"Male","Secondary",7,7,5,6,7,2,2,2,1,1,1,2,4,4,1,1,7,6,-5
1682,26,"Male","Abitur",7,5,5,3,7,6,3,5,2,3,3,5,5,3,1,2,7,7,3
1684,38,"Male","Other",7,7,6,1,6,2,1,1,1,4,1,1,6,4,1,1,6,-22,2
1686,23,"Female","Abitur",6,6,6,2,6,4,3,2,2,3,2,2,5,2,1,1,19,34,16
1687,22,"Male","Abitur",5,2,4,1,4,5,2,2,1,2,3,1,5,4,2,1,6,9,1
1689,23,"Female","Abitur",5,4,4,4,4,4,3,2,2,3,2,2,4,4,2,2,10,6,0
1690,20,"Female","Abitur",6,5,5,4,7,5,3,3,4,3,3,3,2,2,3,4,14,18,10
1691,23,"Female","Abitur",7,6,5,3,7,2,2,2,2,3,1,3,2,3,1,1,2,-1,-3
1692,28,"Male","Abitur",7,5,1,4,7,6,1,1,1,2,1,3,6,4,1,1,12,-18,-11
1696,25,"Male","Abitur",7,6,6,1,7,4,2,2,1,2,1,5,4,5,1,1,15,5,-6
1699,18,"Female","Abitur",5,6,5,1,7,3,1,2,1,2,1,1,5,6,2,3,8,-19,-17
1702,25,"Male","Abitur",5,6,4,1,6,6,2,4,1,4,2,2,4,2,1,2,12,-1,-1
1703,27,"Female","Abitur",5,7,6,1,5,2,1,2,1,2,1,1,5,5,1,2,11,16,2
1704,27,"Female","Abitur",5,5,3,3,5,5,3,4,2,3,2,2,4,3,2,2,3,-7,-4
1705,22,"Female","Abitur",5,6,4,1,7,5,1,1,1,2,2,1,5,3,1,2,17,29,9
1706,30,"Male","Abitur",5,3,5,3,5,1,3,3,4,3,3,3,2,2,3,2,4,-13,-11
1707,21,"Female","Abitur",5,6,6,6,7,5,2,1,1,5,2,1,2,3,2,2,14,6,-1
1708,35,"Female","Abitur",6,2,4,2,5,2,3,6,5,4,5,3,3,3,2,2,11,-13,-5
1710,25,"Male","Abitur",5,4,2,3,4,3,4,5,5,4,3,5,4,3,5,6,7,-1,-3
1711,19,"Female","Abitur",5,6,5,2,6,2,2,5,2,4,5,4,5,3,2,4,4,-1,-2
1712,28,"Female","Abitur",4,5,5,3,6,6,3,3,2,7,2,3,2,1,1,2,6,-21,-17
1714,24,"Male","Abitur",6,6,5,2,6,2,2,4,1,6,3,4,5,6,2,2,9,-2,-6
1715,25,"Male","Abitur",7,5,4,3,6,3,3,4,4,3,2,2,4,3,2,3,15,28,17
1719,23,"Female","Abitur",4,4,5,3,6,5,3,3,4,3,3,1,4,4,2,2,10,11,6
1720,24,"Male","Abitur",5,6,3,1,6,2,2,4,3,4,3,2,5,2,1,3,9,-3,1
1721,23,"Female","Abitur",6,5,7,3,7,5,6,3,4,6,5,3,2,2,1,2,5,-1,0
1722,27,"Male","Abitur",5,5,4,5,5,6,2,5,2,3,2,4,5,4,3,4,14,16,0
1723,24,"Female","Abitur",4,3,2,2,7,6,5,5,4,5,5,5,3,2,1,5,10,-16,-17
1724,24,"Female","Abitur",6,5,3,2,7,3,3,5,1,2,2,1,4,2,1,1,15,28,10
1726,20,"Female","Abitur",7,5,6,1,7,2,1,1,1,2,1,1,6,7,1,1,14,13,4
1727,24,"Male","Abitur",6,3,4,5,6,4,2,6,2,2,2,3,5,3,2,2,10,13,6
1729,28,"Male","Abitur",7,6,6,2,7,6,1,1,1,3,1,3,7,7,1,3,12,-6,-8
1730,22,"Female","Abitur",5,5,5,4,5,4,3,3,1,4,1,4,4,4,3,2,10,1,4
1733,25,"Male","Abitur",5,6,5,2,5,7,2,6,1,6,2,2,3,6,1,1,15,-3,-14
1735,25,"Female","Abitur",4,2,1,7,4,3,4,5,4,3,5,5,2,1,3,3,11,-2,-9
